trick_number,trick_name,stance,part,caption_seconds,family,subfamily,modifiers,sibling_key,youtube_url
1,ollie,Regular,1,84,Ollie / Spins,None,,ollie,https://www.youtube.com/watch?v=8bxg4YCo2RE
2,fakie ollie,Fakie,1,86,Ollie / Spins,None,,ollie,https://www.youtube.com/watch?v=8bxg4YCo2RE
3,nollie,Nollie,1,89,Ollie / Spins,None,,ollie,https://www.youtube.com/watch?v=8bxg4YCo2RE
4,switch ollie,Switch,1,91,Ollie / Spins,None,,ollie,https://www.youtube.com/watch?v=8bxg4YCo2RE
5,frontside 180,Regular,1,93,Ollie / Spins,None,Frontside|180,frontside 180,https://www.youtube.com/watch?v=8bxg4YCo2RE
6,backside 180,Regular,1,96,Ollie / Spins,None,Backside|180,backside 180,https://www.youtube.com/watch?v=8bxg4YCo2RE
7,fakie backside 180,Fakie,1,98,Ollie / Spins,None,Backside|180,backside 180,https://www.youtube.com/watch?v=8bxg4YCo2RE
8,fakie frontside 180,Fakie,1,101,Ollie / Spins,None,Frontside|180,frontside 180,https://www.youtube.com/watch?v=8bxg4YCo2RE
9,nollie frontside 180,Nollie,1,103,Ollie / Spins,None,Frontside|180,frontside 180,https://www.youtube.com/watch?v=8bxg4YCo2RE
10,nollie backside 180,Nollie,1,106,Ollie / Spins,None,Backside|180,backside 180,https://www.youtube.com/watch?v=8bxg4YCo2RE
11,switch backside 180,Switch,1,108,Ollie / Spins,None,Backside|180,backside 180,https://www.youtube.com/watch?v=8bxg4YCo2RE
12,switch frontside 180,Switch,1,110,Ollie / Spins,None,Frontside|180,frontside 180,https://www.youtube.com/watch?v=8bxg4YCo2RE
13,kickflip,Regular,1,113,Kickflips,Kickflip,,kickflip,https://www.youtube.com/watch?v=8bxg4YCo2RE
14,fakie kickflip,Fakie,1,115,Kickflips,Kickflip,,kickflip,https://www.youtube.com/watch?v=8bxg4YCo2RE
15,switch kickflip,Switch,1,117,Kickflips,Kickflip,,kickflip,https://www.youtube.com/watch?v=8bxg4YCo2RE
16,nollie kickflip,Nollie,1,119,Kickflips,Kickflip,,kickflip,https://www.youtube.com/watch?v=8bxg4YCo2RE
17,heelflip,Regular,1,121,Heelflips,Heelflip,,heelflip,https://www.youtube.com/watch?v=8bxg4YCo2RE
18,fakie heelflip,Fakie,1,124,Heelflips,Heelflip,,heelflip,https://www.youtube.com/watch?v=8bxg4YCo2RE
19,switch heelflip,Switch,1,126,Heelflips,Heelflip,,heelflip,https://www.youtube.com/watch?v=8bxg4YCo2RE
20,nollie heelflip,Nollie,1,129,Heelflips,Heelflip,,heelflip,https://www.youtube.com/watch?v=8bxg4YCo2RE
21,frontside flip,Regular,1,131,Kickflips,Kickflip,Frontside,frontside flip,https://www.youtube.com/watch?v=8bxg4YCo2RE
22,backside flip,Regular,1,134,Kickflips,Kickflip,Backside,backside flip,https://www.youtube.com/watch?v=8bxg4YCo2RE
23,fakie backside flip,Fakie,1,136,Kickflips,Kickflip,Backside,backside flip,https://www.youtube.com/watch?v=8bxg4YCo2RE
24,fakie backside heelflip,Fakie,1,139,Heelflips,Heelflip,Backside,backside heelflip,https://www.youtube.com/watch?v=8bxg4YCo2RE
25,fakie frontside flip,Fakie,1,142,Kickflips,Kickflip,Frontside,frontside flip,https://www.youtube.com/watch?v=8bxg4YCo2RE
26,backside heelflip,Regular,1,145,Heelflips,Heelflip,Backside,backside heelflip,https://www.youtube.com/watch?v=8bxg4YCo2RE
27,frontside heelflip,Regular,1,148,Heelflips,Heelflip,Frontside,frontside heelflip,https://www.youtube.com/watch?v=8bxg4YCo2RE
28,fakie frontside heelflip,Fakie,1,150,Heelflips,Heelflip,Frontside,frontside heelflip,https://www.youtube.com/watch?v=8bxg4YCo2RE
29,nollie backside flip,Nollie,1,153,Kickflips,Kickflip,Backside,backside flip,https://www.youtube.com/watch?v=8bxg4YCo2RE
30,switch frontside flip,Switch,1,156,Kickflips,Kickflip,Frontside,frontside flip,https://www.youtube.com/watch?v=8bxg4YCo2RE
31,nollie frontside heelflip,Nollie,1,158,Heelflips,Heelflip,Frontside,frontside heelflip,https://www.youtube.com/watch?v=8bxg4YCo2RE
32,nollie frontside flip,Nollie,1,160,Kickflips,Kickflip,Frontside,frontside flip,https://www.youtube.com/watch?v=8bxg4YCo2RE
33,switch backside heelflip,Switch,1,163,Heelflips,Heelflip,Backside,backside heelflip,https://www.youtube.com/watch?v=8bxg4YCo2RE
34,switch backside flip,Switch,1,165,Kickflips,Kickflip,Backside,backside flip,https://www.youtube.com/watch?v=8bxg4YCo2RE
35,nollie backside heelflip,Nollie,1,168,Heelflips,Heelflip,Backside,backside heelflip,https://www.youtube.com/watch?v=8bxg4YCo2RE
36,switch frontside heelflip,Switch,1,171,Heelflips,Heelflip,Frontside,frontside heelflip,https://www.youtube.com/watch?v=8bxg4YCo2RE
37,360 flip,Regular,1,173,Kickflips,360 Flip / Tre,360,360 flip,https://www.youtube.com/watch?v=8bxg4YCo2RE
38,switch 360 flip,Switch,1,175,Kickflips,360 Flip / Tre,360,360 flip,https://www.youtube.com/watch?v=8bxg4YCo2RE
39,fakie 360 flip,Fakie,1,178,Kickflips,360 Flip / Tre,360,360 flip,https://www.youtube.com/watch?v=8bxg4YCo2RE
40,nollie 360 flip,Nollie,1,180,Kickflips,360 Flip / Tre,360,360 flip,https://www.youtube.com/watch?v=8bxg4YCo2RE
41,varial flip,Regular,1,182,Kickflips,Varial Flip,,varial flip,https://www.youtube.com/watch?v=8bxg4YCo2RE
42,fakie varial flip,Fakie,1,185,Kickflips,Varial Flip,,varial flip,https://www.youtube.com/watch?v=8bxg4YCo2RE
43,switch varial flip,Switch,1,187,Kickflips,Varial Flip,,varial flip,https://www.youtube.com/watch?v=8bxg4YCo2RE
44,nollie varial flip,Nollie,1,190,Kickflips,Varial Flip,,varial flip,https://www.youtube.com/watch?v=8bxg4YCo2RE
45,backside shuv,Regular,1,192,Shuv-its,Shuv-it,Backside,backside shuv,https://www.youtube.com/watch?v=8bxg4YCo2RE
46,fakie backside shuv,Fakie,1,194,Shuv-its,Shuv-it,Backside,backside shuv,https://www.youtube.com/watch?v=8bxg4YCo2RE
47,nollie frontside shuv,Nollie,1,196,Shuv-its,Shuv-it,Frontside,frontside shuv,https://www.youtube.com/watch?v=8bxg4YCo2RE
48,switch backside shuv,Switch,1,199,Shuv-its,Shuv-it,Backside,backside shuv,https://www.youtube.com/watch?v=8bxg4YCo2RE
49,frontside shuv,Regular,1,201,Shuv-its,Shuv-it,Frontside,frontside shuv,https://www.youtube.com/watch?v=8bxg4YCo2RE
50,fakie frontside shuv,Fakie,1,203,Shuv-its,Shuv-it,Frontside,frontside shuv,https://www.youtube.com/watch?v=8bxg4YCo2RE
51,nollie backside shuv,Nollie,1,205,Shuv-its,Shuv-it,Backside,backside shuv,https://www.youtube.com/watch?v=8bxg4YCo2RE
52,switch frontside shuv,Switch,1,207,Shuv-its,Shuv-it,Frontside,frontside shuv,https://www.youtube.com/watch?v=8bxg4YCo2RE
53,backside bigspin flip,Regular,1,209,Kickflips,Bigflip,Backside,backside bigspin flip,https://www.youtube.com/watch?v=8bxg4YCo2RE
54,fakie backside bigspin flip,Fakie,1,212,Kickflips,Bigflip,Backside,backside bigspin flip,https://www.youtube.com/watch?v=8bxg4YCo2RE
55,nollie frontside bigspin flip,Nollie,1,214,Kickflips,Bigflip,Frontside,frontside bigspin flip,https://www.youtube.com/watch?v=8bxg4YCo2RE
56,switch backside bigspin flip,Switch,1,217,Kickflips,Bigflip,Backside,backside bigspin flip,https://www.youtube.com/watch?v=8bxg4YCo2RE
57,backside bigspin,Regular,1,221,Shuv-its,Bigspin,Backside,backside bigspin,https://www.youtube.com/watch?v=8bxg4YCo2RE
58,fakie backside bigspin,Fakie,1,223,Shuv-its,Bigspin,Backside,backside bigspin,https://www.youtube.com/watch?v=8bxg4YCo2RE
59,nollie frontside bigspin,Nollie,1,225,Shuv-its,Bigspin,Frontside,frontside bigspin,https://www.youtube.com/watch?v=8bxg4YCo2RE
60,switch backside bigspin,Switch,1,227,Shuv-its,Bigspin,Backside,backside bigspin,https://www.youtube.com/watch?v=8bxg4YCo2RE
61,frontside bigspin,Regular,1,230,Shuv-its,Bigspin,Frontside,frontside bigspin,https://www.youtube.com/watch?v=8bxg4YCo2RE
62,fakie frontside bigspin,Fakie,1,232,Shuv-its,Bigspin,Frontside,frontside bigspin,https://www.youtube.com/watch?v=8bxg4YCo2RE
63,nollie backside bigspin,Nollie,1,235,Shuv-its,Bigspin,Backside,backside bigspin,https://www.youtube.com/watch?v=8bxg4YCo2RE
64,switch frontside bigspin,Switch,1,238,Shuv-its,Bigspin,Frontside,frontside bigspin,https://www.youtube.com/watch?v=8bxg4YCo2RE
65,varial heelflip,Regular,1,240,Heelflips,Varial Heel,,varial heelflip,https://www.youtube.com/watch?v=8bxg4YCo2RE
66,fakie varial heelflip,Fakie,1,242,Heelflips,Varial Heel,,varial heelflip,https://www.youtube.com/watch?v=8bxg4YCo2RE
67,nollie varial heelflip,Nollie,1,244,Heelflips,Varial Heel,,varial heelflip,https://www.youtube.com/watch?v=8bxg4YCo2RE
68,switch varial heelflip,Switch,1,247,Heelflips,Varial Heel,,varial heelflip,https://www.youtube.com/watch?v=8bxg4YCo2RE
69,inward heelflip,Regular,1,249,Heelflips,Inward Heel,,inward heelflip,https://www.youtube.com/watch?v=8bxg4YCo2RE
70,fakie inward heelflip,Fakie,1,252,Heelflips,Inward Heel,,inward heelflip,https://www.youtube.com/watch?v=8bxg4YCo2RE
71,nollie inward heelflip,Nollie,1,254,Heelflips,Inward Heel,,inward heelflip,https://www.youtube.com/watch?v=8bxg4YCo2RE
72,switch inward heelflip,Switch,1,257,Heelflips,Inward Heel,,inward heelflip,https://www.youtube.com/watch?v=8bxg4YCo2RE
73,hardflip,Regular,1,259,Kickflips,Hardflip,,hardflip,https://www.youtube.com/watch?v=8bxg4YCo2RE
74,nollie hardflip,Nollie,1,261,Kickflips,Hardflip,,hardflip,https://www.youtube.com/watch?v=8bxg4YCo2RE
75,fakie hardflip,Fakie,1,264,Kickflips,Hardflip,,hardflip,https://www.youtube.com/watch?v=8bxg4YCo2RE
76,switch hardflip,Switch,1,266,Kickflips,Hardflip,,hardflip,https://www.youtube.com/watch?v=8bxg4YCo2RE
77,360 backside shuv,Regular,1,269,Shuv-its,Shuv-it,Backside|360,360 backside shuv,https://www.youtube.com/watch?v=8bxg4YCo2RE
78,fakie 360 backside shuv,Fakie,1,272,Shuv-its,Shuv-it,Backside|360,360 backside shuv,https://www.youtube.com/watch?v=8bxg4YCo2RE
79,nollie 360 frontside shuv,Nollie,1,274,Shuv-its,Shuv-it,Frontside|360,360 frontside shuv,https://www.youtube.com/watch?v=8bxg4YCo2RE
80,switch 360 backside shuv,Switch,1,276,Shuv-its,Shuv-it,Backside|360,360 backside shuv,https://www.youtube.com/watch?v=8bxg4YCo2RE
81,360 frontside shuv,Regular,1,279,Shuv-its,Shuv-it,Frontside|360,360 frontside shuv,https://www.youtube.com/watch?v=8bxg4YCo2RE
82,fakie 360 frontside shuv,Fakie,1,281,Shuv-its,Shuv-it,Frontside|360,360 frontside shuv,https://www.youtube.com/watch?v=8bxg4YCo2RE
83,nollie 360 backside shuv,Nollie,1,284,Shuv-its,Shuv-it,Backside|360,360 backside shuv,https://www.youtube.com/watch?v=8bxg4YCo2RE
84,switch 360 frontside shuv,Switch,1,286,Shuv-its,Shuv-it,Frontside|360,360 frontside shuv,https://www.youtube.com/watch?v=8bxg4YCo2RE
85,frontside 360,Regular,1,288,Ollie / Spins,None,Frontside|360,frontside 360,https://www.youtube.com/watch?v=8bxg4YCo2RE
86,backside 360,Regular,1,291,Ollie / Spins,None,Backside|360,backside 360,https://www.youtube.com/watch?v=8bxg4YCo2RE
87,fakie frontside 360,Fakie,1,293,Ollie / Spins,None,Frontside|360,frontside 360,https://www.youtube.com/watch?v=8bxg4YCo2RE
88,fakie backside 360,Fakie,1,296,Ollie / Spins,None,Backside|360,backside 360,https://www.youtube.com/watch?v=8bxg4YCo2RE
89,switch frontside 360,Switch,1,300,Ollie / Spins,None,Frontside|360,frontside 360,https://www.youtube.com/watch?v=8bxg4YCo2RE
90,nollie backside 360,Nollie,1,302,Ollie / Spins,None,Backside|360,backside 360,https://www.youtube.com/watch?v=8bxg4YCo2RE
91,nollie frontside 360,Nollie,1,305,Ollie / Spins,None,Frontside|360,frontside 360,https://www.youtube.com/watch?v=8bxg4YCo2RE
92,switch backside 360,Switch,1,307,Ollie / Spins,None,Backside|360,backside 360,https://www.youtube.com/watch?v=8bxg4YCo2RE
93,frontside bigspin heelflip,Regular,1,310,Heelflips,Big Heel,Frontside,frontside bigspin heelflip,https://www.youtube.com/watch?v=8bxg4YCo2RE
94,fakie frontside bigspin heelflip,Fakie,1,313,Heelflips,Big Heel,Frontside,frontside bigspin heelflip,https://www.youtube.com/watch?v=8bxg4YCo2RE
95,nollie backside bigspin heelflip,Nollie,1,315,Heelflips,Big Heel,Backside,backside bigspin heelflip,https://www.youtube.com/watch?v=8bxg4YCo2RE
96,switch frontside bigspin heelflip,Switch,1,317,Heelflips,Big Heel,Frontside,frontside bigspin heelflip,https://www.youtube.com/watch?v=8bxg4YCo2RE
97,lazer flip,Regular,1,320,Heelflips,Lazer,,lazer flip,https://www.youtube.com/watch?v=8bxg4YCo2RE
98,fakie lazer flip,Fakie,1,322,Heelflips,Lazer,,lazer flip,https://www.youtube.com/watch?v=8bxg4YCo2RE
99,nollie lazer flip,Nollie,1,324,Heelflips,Lazer,,lazer flip,https://www.youtube.com/watch?v=8bxg4YCo2RE
100,switch lazer flip,Switch,1,327,Heelflips,Lazer,,lazer flip,https://www.youtube.com/watch?v=8bxg4YCo2RE
101,backside biggerspin,Regular,2,18,Shuv-its,Biggerspin,Backside,backside biggerspin,https://www.youtube.com/watch?v=mN6_vgbRD7Y
102,fakie backside biggerspin,Fakie,2,20,Shuv-its,Biggerspin,Backside,backside biggerspin,https://www.youtube.com/watch?v=mN6_vgbRD7Y
103,540 backside shuv,Regular,2,22,Shuv-its,Shuv-it,Backside|540,540 backside shuv,https://www.youtube.com/watch?v=mN6_vgbRD7Y
104,fakie 540 backside shuv,Fakie,2,24,Shuv-its,Shuv-it,Backside|540,540 backside shuv,https://www.youtube.com/watch?v=mN6_vgbRD7Y
105,fakie 540 backside shuv 180,Fakie,2,25,Shuv-its,Shuv-it,Backside|180|540,540 backside shuv 180,https://www.youtube.com/watch?v=mN6_vgbRD7Y
106,540 flip,Regular,2,29,Kickflips,360 Flip / Tre,540,540 flip,https://www.youtube.com/watch?v=mN6_vgbRD7Y
107,fakie 540 flip,Fakie,2,31,Kickflips,360 Flip / Tre,540,540 flip,https://www.youtube.com/watch?v=mN6_vgbRD7Y
108,fakie backside biggerspin flip,Fakie,2,35,Kickflips,Bigflip,Backside,backside biggerspin flip,https://www.youtube.com/watch?v=mN6_vgbRD7Y
109,backside biggerspin flip,Regular,2,41,Kickflips,Bigflip,Backside,backside biggerspin flip,https://www.youtube.com/watch?v=mN6_vgbRD7Y
110,fakie backside gazelle spin,Fakie,2,43,Shuv-its,Gazelle,Backside|Body Varial,backside gazelle spin,https://www.youtube.com/watch?v=mN6_vgbRD7Y
111,backside gazelle flip,Regular,2,45,Shuv-its,Gazelle,Backside|Body Varial,backside gazelle flip,https://www.youtube.com/watch?v=mN6_vgbRD7Y
112,fakie backside gazelle flip,Fakie,2,47,Shuv-its,Gazelle,Backside|Body Varial,backside gazelle flip,https://www.youtube.com/watch?v=mN6_vgbRD7Y
113,fakie backside 360 shuv frontside body varial,Fakie,2,49,Shuv-its,Shuv-it,Body Varial|Frontside|Backside|360,backside 360 shuv frontside body varial,https://www.youtube.com/watch?v=mN6_vgbRD7Y
114,360 inward heelflip,Regular,2,51,Heelflips,Inward Heel,360,360 inward heelflip,https://www.youtube.com/watch?v=mN6_vgbRD7Y
115,backside 360 shuv frontside body varial,Regular,2,53,Shuv-its,Shuv-it,Body Varial|Frontside|Backside|360,backside 360 shuv frontside body varial,https://www.youtube.com/watch?v=mN6_vgbRD7Y
116,pressure flip,Regular,2,55,Kickflips,Kickflip,Pressure,pressure flip,https://www.youtube.com/watch?v=mN6_vgbRD7Y
117,fakie pressure flip,Fakie,2,57,Kickflips,Kickflip,Pressure,pressure flip,https://www.youtube.com/watch?v=mN6_vgbRD7Y
118,switch pressure flip,Switch,2,59,Kickflips,Kickflip,Pressure,pressure flip,https://www.youtube.com/watch?v=mN6_vgbRD7Y
119,nollie pressure flip,Nollie,2,60,Kickflips,Kickflip,Pressure,pressure flip,https://www.youtube.com/watch?v=mN6_vgbRD7Y
120,forward flip,Regular,2,62,Forward / Dolphin,Forward,,forward flip,https://www.youtube.com/watch?v=mN6_vgbRD7Y
121,fakie frontside impossible bigspin,Fakie,2,63,Impossible,None,Frontside,frontside impossible bigspin,https://www.youtube.com/watch?v=mN6_vgbRD7Y
122,double kickflip,Regular,2,65,Kickflips,Kickflip,Double,double kickflip,https://www.youtube.com/watch?v=mN6_vgbRD7Y
123,fakie double kickflip,Fakie,2,67,Kickflips,Kickflip,Double,double kickflip,https://www.youtube.com/watch?v=mN6_vgbRD7Y
124,switch double kickflip,Switch,2,68,Kickflips,Kickflip,Double,double kickflip,https://www.youtube.com/watch?v=mN6_vgbRD7Y
125,nollie double kickflip,Nollie,2,70,Kickflips,Kickflip,Double,double kickflip,https://www.youtube.com/watch?v=mN6_vgbRD7Y
126,double heelflip,Regular,2,72,Heelflips,Heelflip,Double,double heelflip,https://www.youtube.com/watch?v=mN6_vgbRD7Y
127,fakie double heelflip,Fakie,2,74,Heelflips,Heelflip,Double,double heelflip,https://www.youtube.com/watch?v=mN6_vgbRD7Y
128,switch double heelflip,Switch,2,76,Heelflips,Heelflip,Double,double heelflip,https://www.youtube.com/watch?v=mN6_vgbRD7Y
129,nollie double heelflip,Nollie,2,77,Heelflips,Heelflip,Double,double heelflip,https://www.youtube.com/watch?v=mN6_vgbRD7Y
130,switch frontside 360 half front foot impossible,Switch,2,80,Impossible,None,Half|Front Foot|Frontside|360,frontside 360 half front foot impossible,https://www.youtube.com/watch?v=mN6_vgbRD7Y
131,kickflip frontside body varial,Regular,2,85,Kickflips,Kickflip,Body Varial|Frontside,kickflip frontside body varial,https://www.youtube.com/watch?v=mN6_vgbRD7Y
132,kickflip backside body varial,Regular,2,86,Kickflips,Kickflip,Body Varial|Backside,kickflip backside body varial,https://www.youtube.com/watch?v=mN6_vgbRD7Y
133,fakie kickflip backside body varial,Fakie,2,88,Kickflips,Kickflip,Body Varial|Backside,kickflip backside body varial,https://www.youtube.com/watch?v=mN6_vgbRD7Y
134,fakie kickflip frontside body varial,Fakie,2,89,Kickflips,Kickflip,Body Varial|Frontside,kickflip frontside body varial,https://www.youtube.com/watch?v=mN6_vgbRD7Y
135,switch kickflip frontside body varial,Switch,2,91,Kickflips,Kickflip,Body Varial|Frontside,kickflip frontside body varial,https://www.youtube.com/watch?v=mN6_vgbRD7Y
136,switch kickflip backside body varial,Switch,2,93,Kickflips,Kickflip,Body Varial|Backside,kickflip backside body varial,https://www.youtube.com/watch?v=mN6_vgbRD7Y
137,nollie kickflip backside body varial,Nollie,2,95,Kickflips,Kickflip,Body Varial|Backside,kickflip backside body varial,https://www.youtube.com/watch?v=mN6_vgbRD7Y
138,nollie kickflip frontside body varial,Nollie,2,97,Kickflips,Kickflip,Body Varial|Frontside,kickflip frontside body varial,https://www.youtube.com/watch?v=mN6_vgbRD7Y
139,pressure heelflip,Regular,2,99,Heelflips,Heelflip,Pressure,pressure heelflip,https://www.youtube.com/watch?v=mN6_vgbRD7Y
140,pressure heelflip frontside body varial,Regular,2,100,Heelflips,Heelflip,Pressure|Body Varial|Frontside,pressure heelflip frontside body varial,https://www.youtube.com/watch?v=mN6_vgbRD7Y
141,backside pressure heelflip,Regular,2,102,Heelflips,Heelflip,Pressure|Backside,backside pressure heelflip,https://www.youtube.com/watch?v=mN6_vgbRD7Y
142,pressure kickflip,Regular,2,104,Kickflips,Kickflip,Pressure,pressure kickflip,https://www.youtube.com/watch?v=mN6_vgbRD7Y
143,pressure double flip,Regular,2,106,Kickflips,Kickflip,Pressure|Double,pressure double flip,https://www.youtube.com/watch?v=mN6_vgbRD7Y
144,frontside impossible,Regular,2,107,Impossible,None,Frontside,frontside impossible,https://www.youtube.com/watch?v=mN6_vgbRD7Y
145,fakie forward flip,Fakie,2,112,Forward / Dolphin,Forward,,forward flip,https://www.youtube.com/watch?v=mN6_vgbRD7Y
146,forward double flip,Regular,2,114,Forward / Dolphin,Forward,Double,forward double flip,https://www.youtube.com/watch?v=mN6_vgbRD7Y
147,fakie forward double flip,Fakie,2,115,Forward / Dolphin,Forward,Double,forward double flip,https://www.youtube.com/watch?v=mN6_vgbRD7Y
148,varial double flip,Regular,2,117,Kickflips,Varial Flip,Double,varial double flip,https://www.youtube.com/watch?v=mN6_vgbRD7Y
149,varial triple flip,Regular,2,118,Kickflips,Varial Flip,Triple,varial triple flip,https://www.youtube.com/watch?v=mN6_vgbRD7Y
150,fakie varial double flip,Fakie,2,121,Kickflips,Varial Flip,Double,varial double flip,https://www.youtube.com/watch?v=mN6_vgbRD7Y
151,fakie varial triple flip,Fakie,2,123,Kickflips,Varial Flip,Triple,varial triple flip,https://www.youtube.com/watch?v=mN6_vgbRD7Y
152,varial double heelflip,Regular,2,128,Heelflips,Varial Heel,Double,varial double heelflip,https://www.youtube.com/watch?v=mN6_vgbRD7Y
153,fakie varial double heelflip,Fakie,2,130,Heelflips,Varial Heel,Double,varial double heelflip,https://www.youtube.com/watch?v=mN6_vgbRD7Y
154,360 pressure flip,Regular,2,132,Kickflips,Kickflip,Pressure|360,360 pressure flip,https://www.youtube.com/watch?v=mN6_vgbRD7Y
155,backside bigspin pressure flip,Regular,2,134,Kickflips,Bigflip,Pressure|Backside,backside bigspin pressure flip,https://www.youtube.com/watch?v=mN6_vgbRD7Y
156,inward double heelflip,Regular,2,136,Heelflips,Inward Heel,Double,inward double heelflip,https://www.youtube.com/watch?v=mN6_vgbRD7Y
157,hard double flip,Regular,2,138,Kickflips,Hardflip,Double,hard double flip,https://www.youtube.com/watch?v=mN6_vgbRD7Y
158,fakie hard double flip,Fakie,2,141,Kickflips,Hardflip,Double,hard double flip,https://www.youtube.com/watch?v=mN6_vgbRD7Y
159,impossible,Regular,2,143,Impossible,None,,impossible,https://www.youtube.com/watch?v=mN6_vgbRD7Y
160,fakie impossible,Fakie,2,145,Impossible,None,,impossible,https://www.youtube.com/watch?v=mN6_vgbRD7Y
161,switch impossible,Switch,2,147,Impossible,None,,impossible,https://www.youtube.com/watch?v=mN6_vgbRD7Y
162,nollie impossible,Nollie,2,149,Impossible,None,,impossible,https://www.youtube.com/watch?v=mN6_vgbRD7Y
163,backside half impossible bigspin,Regular,2,151,Impossible,None,Half|Backside,backside half impossible bigspin,https://www.youtube.com/watch?v=mN6_vgbRD7Y
164,feather flip,Regular,2,153,Feather,None,,feather flip,https://www.youtube.com/watch?v=mN6_vgbRD7Y
165,fakie feather flip,Fakie,2,155,Feather,None,,feather flip,https://www.youtube.com/watch?v=mN6_vgbRD7Y
166,switch feather flip,Switch,2,157,Feather,None,,feather flip,https://www.youtube.com/watch?v=mN6_vgbRD7Y
167,nollie feather flip,Nollie,2,159,Feather,None,,feather flip,https://www.youtube.com/watch?v=mN6_vgbRD7Y
168,feather flip frontside 180,Regular,2,163,Feather,None,Frontside|180,feather flip frontside 180,https://www.youtube.com/watch?v=mN6_vgbRD7Y
169,backside double kickflip,Regular,2,167,Kickflips,Kickflip,Double|Backside,backside double kickflip,https://www.youtube.com/watch?v=mN6_vgbRD7Y
170,fakie backside double kickflip,Fakie,2,169,Kickflips,Kickflip,Double|Backside,backside double kickflip,https://www.youtube.com/watch?v=mN6_vgbRD7Y
171,backside double heelflip,Regular,2,171,Heelflips,Heelflip,Double|Backside,backside double heelflip,https://www.youtube.com/watch?v=mN6_vgbRD7Y
172,fakie backside double heelflip,Fakie,2,174,Heelflips,Heelflip,Double|Backside,backside double heelflip,https://www.youtube.com/watch?v=mN6_vgbRD7Y
173,frontside double kickflip,Regular,2,179,Kickflips,Kickflip,Double|Frontside,frontside double kickflip,https://www.youtube.com/watch?v=mN6_vgbRD7Y
174,fakie frontside biggerspin,Fakie,2,181,Shuv-its,Biggerspin,Frontside,frontside biggerspin,https://www.youtube.com/watch?v=mN6_vgbRD7Y
175,fakie frontside double kickflip,Fakie,2,184,Kickflips,Kickflip,Double|Frontside,frontside double kickflip,https://www.youtube.com/watch?v=mN6_vgbRD7Y
176,fakie frontside double heelflip,Fakie,2,186,Heelflips,Heelflip,Double|Frontside,frontside double heelflip,https://www.youtube.com/watch?v=mN6_vgbRD7Y
177,fakie frontside 360 heelflip,Fakie,2,188,Heelflips,Heelflip,Frontside|360,frontside 360 heelflip,https://www.youtube.com/watch?v=mN6_vgbRD7Y
178,frontside double heelflip,Regular,2,194,Heelflips,Heelflip,Double|Frontside,frontside double heelflip,https://www.youtube.com/watch?v=mN6_vgbRD7Y
179,frontside 360 heelflip,Regular,2,198,Heelflips,Heelflip,Frontside|360,frontside 360 heelflip,https://www.youtube.com/watch?v=mN6_vgbRD7Y
180,ollie crossfoot,Regular,2,201,Ollie / Spins,None,Crossfoot,ollie crossfoot,https://www.youtube.com/watch?v=mN6_vgbRD7Y
181,frontside impossible bigspin,Regular,2,204,Impossible,None,Frontside,frontside impossible bigspin,https://www.youtube.com/watch?v=mN6_vgbRD7Y
182,forward heelflip,Regular,2,207,Forward / Dolphin,Forward,,forward heelflip,https://www.youtube.com/watch?v=mN6_vgbRD7Y
183,fakie forward heelflip,Fakie,2,212,Forward / Dolphin,Forward,,forward heelflip,https://www.youtube.com/watch?v=mN6_vgbRD7Y
184,pressure hardflip,Regular,2,215,Kickflips,Hardflip,Pressure,pressure hardflip,https://www.youtube.com/watch?v=mN6_vgbRD7Y
185,360 pressure hardflip,Regular,2,217,Kickflips,Hardflip,Pressure|360,360 pressure hardflip,https://www.youtube.com/watch?v=mN6_vgbRD7Y
186,frontside bigspin pressure hardflip,Regular,2,221,Shuv-its,Bigspin,Pressure|Frontside,frontside bigspin pressure hardflip,https://www.youtube.com/watch?v=mN6_vgbRD7Y
187,fakie pressure hardflip,Fakie,2,224,Kickflips,Hardflip,Pressure,pressure hardflip,https://www.youtube.com/watch?v=mN6_vgbRD7Y
188,backside gazelle spin,Regular,2,226,Shuv-its,Gazelle,Backside|Body Varial,backside gazelle spin,https://www.youtube.com/watch?v=mN6_vgbRD7Y
189,switch inward double heelflip,Switch,2,231,Heelflips,Inward Heel,Double,inward double heelflip,https://www.youtube.com/watch?v=mN6_vgbRD7Y
190,feather flip frontside shuv,Regular,2,233,Feather,None,Frontside,feather flip frontside shuv,https://www.youtube.com/watch?v=mN6_vgbRD7Y
191,heelflip backside body varial,Regular,2,235,Heelflips,Heelflip,Body Varial|Backside,heelflip backside body varial,https://www.youtube.com/watch?v=mN6_vgbRD7Y
192,heelflip frontside body varial,Regular,2,237,Heelflips,Heelflip,Body Varial|Frontside,heelflip frontside body varial,https://www.youtube.com/watch?v=mN6_vgbRD7Y
193,fakie heelflip backside body varial,Fakie,2,239,Heelflips,Heelflip,Body Varial|Backside,heelflip backside body varial,https://www.youtube.com/watch?v=mN6_vgbRD7Y
194,fakie heelflip frontside body varial,Fakie,2,241,Heelflips,Heelflip,Body Varial|Frontside,heelflip frontside body varial,https://www.youtube.com/watch?v=mN6_vgbRD7Y
195,fakie 360 inward heelflip,Fakie,2,247,Heelflips,Inward Heel,360,360 inward heelflip,https://www.youtube.com/watch?v=mN6_vgbRD7Y
196,nollie heelflip backside body varial,Nollie,2,252,Heelflips,Heelflip,Body Varial|Backside,heelflip backside body varial,https://www.youtube.com/watch?v=mN6_vgbRD7Y
197,nollie heelflip frontside body varial,Nollie,2,255,Heelflips,Heelflip,Body Varial|Frontside,heelflip frontside body varial,https://www.youtube.com/watch?v=mN6_vgbRD7Y
198,switch heelflip frontside body varial,Switch,2,256,Heelflips,Heelflip,Body Varial|Frontside,heelflip frontside body varial,https://www.youtube.com/watch?v=mN6_vgbRD7Y
199,switch heelflip backside body varial,Switch,2,259,Heelflips,Heelflip,Body Varial|Backside,heelflip backside body varial,https://www.youtube.com/watch?v=mN6_vgbRD7Y
200,varial half flip anti casper flip,Regular,2,261,Kickflips,Varial Flip,Anti|Half,varial half flip anti casper flip,https://www.youtube.com/watch?v=mN6_vgbRD7Y
201,frontside gazelle spin,Regular,3,1.8,Shuv-its,Gazelle,Frontside|Body Varial,frontside gazelle spin,https://www.youtube.com/watch?v=N4sgk0PLhQ0
202,fakie frontside gazelle spin,Fakie,3,4.5,Shuv-its,Gazelle,Frontside|Body Varial,frontside gazelle spin,https://www.youtube.com/watch?v=N4sgk0PLhQ0
203,nollie frontside biggerspin,Nollie,3,7,Shuv-its,Biggerspin,Frontside,frontside biggerspin,https://www.youtube.com/watch?v=N4sgk0PLhQ0
204,nollie frontside 540 shuv,Nollie,3,8.9,Shuv-its,Shuv-it,Frontside|540,frontside 540 shuv,https://www.youtube.com/watch?v=N4sgk0PLhQ0
205,nollie backside 360 shuv underflip,Nollie,3,11.4,Shuv-its,Shuv-it,Backside|360|Underflip,backside 360 shuv underflip,https://www.youtube.com/watch?v=N4sgk0PLhQ0
206,nollie backside biggerspin underflip,Nollie,3,16.6,Shuv-its,Biggerspin,Backside|Underflip,backside biggerspin underflip,https://www.youtube.com/watch?v=N4sgk0PLhQ0
207,nollie backside 180 hospital heel,Nollie,3,21.3,Casper / Hospital,Hospital,Backside|180,backside 180 hospital heel,https://www.youtube.com/watch?v=N4sgk0PLhQ0
208,switch backside biggerspin,Switch,3,24.2,Shuv-its,Biggerspin,Backside,backside biggerspin,https://www.youtube.com/watch?v=N4sgk0PLhQ0
209,switch pressure hardflip,Switch,3,26.7,Kickflips,Hardflip,Pressure,pressure hardflip,https://www.youtube.com/watch?v=N4sgk0PLhQ0
210,switch pressure frontside flip,Switch,3,28.5,Kickflips,Kickflip,Pressure|Frontside,pressure frontside flip,https://www.youtube.com/watch?v=N4sgk0PLhQ0
211,switch frontside shuv late front foot heelflip,Switch,3,30.6,Shuv-its,Shuv-it,Late|Front Foot|Frontside,frontside shuv late front foot heelflip,https://www.youtube.com/watch?v=N4sgk0PLhQ0
212,fakie ollie crossfoot,Fakie,3,36.4,Ollie / Spins,None,Crossfoot,ollie crossfoot,https://www.youtube.com/watch?v=N4sgk0PLhQ0
213,impossible crossfoot,Regular,3,39.1,Impossible,None,Crossfoot,impossible crossfoot,https://www.youtube.com/watch?v=N4sgk0PLhQ0
214,pressure flip anti casper flip,Regular,3,41.1,Kickflips,Kickflip,Pressure|Anti,pressure flip anti casper flip,https://www.youtube.com/watch?v=N4sgk0PLhQ0
215,frontside shuv late front foot heelflip,Regular,3,47.4,Shuv-its,Shuv-it,Late|Front Foot|Frontside,frontside shuv late front foot heelflip,https://www.youtube.com/watch?v=N4sgk0PLhQ0
216,switch hard double flip,Switch,3,62.6,Kickflips,Hardflip,Double,hard double flip,https://www.youtube.com/watch?v=N4sgk0PLhQ0
217,triple heelflip,Regular,3,69.3,Heelflips,Heelflip,Triple,triple heelflip,https://www.youtube.com/watch?v=N4sgk0PLhQ0
218,ollie frontside body varial,Regular,3,74.3,Ollie / Spins,None,Body Varial|Frontside,ollie frontside body varial,https://www.youtube.com/watch?v=N4sgk0PLhQ0
219,ollie backside body varial,Regular,3,75.8,Ollie / Spins,None,Body Varial|Backside,ollie backside body varial,https://www.youtube.com/watch?v=N4sgk0PLhQ0
220,fakie ollie backside body varial,Fakie,3,77.8,Ollie / Spins,None,Body Varial|Backside,ollie backside body varial,https://www.youtube.com/watch?v=N4sgk0PLhQ0
221,fakie ollie frontside body varial,Fakie,3,79.5,Ollie / Spins,None,Body Varial|Frontside,ollie frontside body varial,https://www.youtube.com/watch?v=N4sgk0PLhQ0
222,switch frontside bigspin flip,Switch,3,81.7,Kickflips,Bigflip,Frontside,frontside bigspin flip,https://www.youtube.com/watch?v=N4sgk0PLhQ0
223,hardflip backside 180,Regular,3,86.6,Kickflips,Hardflip,Backside|180,hardflip backside 180,https://www.youtube.com/watch?v=N4sgk0PLhQ0
224,fakie hardflip backside 180,Fakie,3,88.6,Kickflips,Hardflip,Backside|180,hardflip backside 180,https://www.youtube.com/watch?v=N4sgk0PLhQ0
225,hardflip late shuv,Regular,3,91,Kickflips,Hardflip,Late,hardflip late shuv,https://www.youtube.com/watch?v=N4sgk0PLhQ0
226,fakie triple heelflip,Fakie,3,95.8,Heelflips,Heelflip,Triple,triple heelflip,https://www.youtube.com/watch?v=N4sgk0PLhQ0
227,switch late flip,Switch,3,98.3,Kickflips,Kickflip,Late,late flip,https://www.youtube.com/watch?v=N4sgk0PLhQ0
228,nollie late flip,Nollie,3,100.9,Kickflips,Kickflip,Late,late flip,https://www.youtube.com/watch?v=N4sgk0PLhQ0
229,varial half flip cancel flip,Regular,3,102.8,Kickflips,Varial Flip,Late|Cancel|Half,varial half flip cancel flip,https://www.youtube.com/watch?v=N4sgk0PLhQ0
230,fakie 360 pressure flip,Fakie,3,104.5,Kickflips,Kickflip,Pressure|360,360 pressure flip,https://www.youtube.com/watch?v=N4sgk0PLhQ0
231,fakie bigspin pressure flip,Fakie,3,106.8,Kickflips,Bigflip,Pressure,bigspin pressure flip,https://www.youtube.com/watch?v=N4sgk0PLhQ0
232,fakie pressure flip rewind,Fakie,3,109.1,Kickflips,Kickflip,Pressure|Rewind,pressure flip rewind,https://www.youtube.com/watch?v=N4sgk0PLhQ0
233,late hardflip,Regular,3,111.3,Kickflips,Hardflip,Late,late hardflip,https://www.youtube.com/watch?v=N4sgk0PLhQ0
234,fakie hardflip late shuv,Fakie,3,116.8,Kickflips,Hardflip,Late,hardflip late shuv,https://www.youtube.com/watch?v=N4sgk0PLhQ0
235,frontside late flip,Regular,3,119.7,Kickflips,Kickflip,Late|Frontside,frontside late flip,https://www.youtube.com/watch?v=N4sgk0PLhQ0
236,front foot impossible,Regular,3,124.4,Impossible,None,Front Foot,front foot impossible,https://www.youtube.com/watch?v=N4sgk0PLhQ0
237,fakie front foot impossible,Fakie,3,128.7,Impossible,None,Front Foot,front foot impossible,https://www.youtube.com/watch?v=N4sgk0PLhQ0
238,fakie frontside 180 front foot impossible,Fakie,3,131.4,Impossible,None,Front Foot|Frontside|180,frontside 180 front foot impossible,https://www.youtube.com/watch?v=N4sgk0PLhQ0
239,switch front foot impossible,Switch,3,133.9,Impossible,None,Front Foot,front foot impossible,https://www.youtube.com/watch?v=N4sgk0PLhQ0
240,nollie front foot impossible,Nollie,3,136.9,Impossible,None,Front Foot,front foot impossible,https://www.youtube.com/watch?v=N4sgk0PLhQ0
241,nollie backside 180 front foot impossible,Nollie,3,141,Impossible,None,Front Foot|Backside|180,backside 180 front foot impossible,https://www.youtube.com/watch?v=N4sgk0PLhQ0
242,nollie backside 360 front foot impossible,Nollie,3,145.6,Impossible,None,Front Foot|Backside|360,backside 360 front foot impossible,https://www.youtube.com/watch?v=N4sgk0PLhQ0
243,pressure flip rewind,Regular,3,152.2,Kickflips,Kickflip,Pressure|Rewind,pressure flip rewind,https://www.youtube.com/watch?v=N4sgk0PLhQ0
244,pressure flip frontside body varial,Regular,3,154,Kickflips,Kickflip,Pressure|Body Varial|Frontside,pressure flip frontside body varial,https://www.youtube.com/watch?v=N4sgk0PLhQ0
245,varial heelflip backside body varial,Regular,3,155.9,Heelflips,Varial Heel,Body Varial|Backside,varial heelflip backside body varial,https://www.youtube.com/watch?v=N4sgk0PLhQ0
246,backside shuv late flip,Regular,3,157.9,Shuv-its,Shuv-it,Late|Backside,backside shuv late flip,https://www.youtube.com/watch?v=N4sgk0PLhQ0
247,frontside shuv late flip,Regular,3,160.1,Shuv-its,Shuv-it,Late|Frontside,frontside shuv late flip,https://www.youtube.com/watch?v=N4sgk0PLhQ0
248,frontside bigspin late flip,Regular,3,162.6,Shuv-its,Bigspin,Late|Frontside,frontside bigspin late flip,https://www.youtube.com/watch?v=N4sgk0PLhQ0
249,frontside bigspin late double flip,Regular,3,166.7,Shuv-its,Bigspin,Late|Double|Frontside,frontside bigspin late double flip,https://www.youtube.com/watch?v=N4sgk0PLhQ0
250,casper flip,Regular,3,173.1,Casper / Hospital,Casper,,casper flip,https://www.youtube.com/watch?v=N4sgk0PLhQ0
251,fakie casper flip,Fakie,3,176.7,Casper / Hospital,Casper,,casper flip,https://www.youtube.com/watch?v=N4sgk0PLhQ0
252,switch casper flip,Switch,3,179.1,Casper / Hospital,Casper,,casper flip,https://www.youtube.com/watch?v=N4sgk0PLhQ0
253,nollie casper flip,Nollie,3,182.7,Casper / Hospital,Casper,,casper flip,https://www.youtube.com/watch?v=N4sgk0PLhQ0
254,360 casper flip,Regular,3,184.9,Casper / Hospital,Casper,360,360 casper flip,https://www.youtube.com/watch?v=N4sgk0PLhQ0
255,casper flip bigspin,Regular,3,190.8,Casper / Hospital,Casper,,casper flip bigspin,https://www.youtube.com/watch?v=N4sgk0PLhQ0
256,late inward heelflip,Regular,3,193.3,Heelflips,Inward Heel,Late,late inward heelflip,https://www.youtube.com/watch?v=N4sgk0PLhQ0
257,360 shuv underflip,Regular,3,197.2,Shuv-its,Shuv-it,360|Underflip,360 shuv underflip,https://www.youtube.com/watch?v=N4sgk0PLhQ0
258,backside bigspin underflip,Regular,3,199.4,Shuv-its,Bigspin,Backside|Underflip,backside bigspin underflip,https://www.youtube.com/watch?v=N4sgk0PLhQ0
259,360 shuv under double flip,Regular,3,201.4,Shuv-its,Shuv-it,Double|360|Underflip,360 shuv under double flip,https://www.youtube.com/watch?v=N4sgk0PLhQ0
260,late flip,Regular,3,203.8,Kickflips,Kickflip,Late,late flip,https://www.youtube.com/watch?v=N4sgk0PLhQ0
261,fakie late flip,Fakie,3,205.8,Kickflips,Kickflip,Late,late flip,https://www.youtube.com/watch?v=N4sgk0PLhQ0
262,fakie frontside late flip,Fakie,3,208.1,Kickflips,Kickflip,Late|Frontside,frontside late flip,https://www.youtube.com/watch?v=N4sgk0PLhQ0
263,late heelflip,Regular,3,209.9,Heelflips,Heelflip,Late,late heelflip,https://www.youtube.com/watch?v=N4sgk0PLhQ0
264,nollie backside body varial,Nollie,3,212.2,Ollie / Spins,None,Body Varial|Backside,backside body varial,https://www.youtube.com/watch?v=N4sgk0PLhQ0
265,nollie frontside body varial,Nollie,3,214.3,Ollie / Spins,None,Body Varial|Frontside,frontside body varial,https://www.youtube.com/watch?v=N4sgk0PLhQ0
266,switch ollie frontside body varial,Switch,3,216.3,Ollie / Spins,None,Body Varial|Frontside,ollie frontside body varial,https://www.youtube.com/watch?v=N4sgk0PLhQ0
267,switch ollie backside body varial,Switch,3,218.3,Ollie / Spins,None,Body Varial|Backside,ollie backside body varial,https://www.youtube.com/watch?v=N4sgk0PLhQ0
268,backside shuv underflip,Regular,3,220.5,Shuv-its,Shuv-it,Backside|Underflip,backside shuv underflip,https://www.youtube.com/watch?v=N4sgk0PLhQ0
269,fakie casper flip bigspin,Fakie,3,222.2,Casper / Hospital,Casper,,casper flip bigspin,https://www.youtube.com/watch?v=N4sgk0PLhQ0
270,switch bigspin double flip,Switch,3,227.5,Kickflips,Bigflip,Double,bigspin double flip,https://www.youtube.com/watch?v=N4sgk0PLhQ0
271,frontside shuv rewind,Regular,3,230.5,Shuv-its,Shuv-it,Rewind|Frontside,frontside shuv rewind,https://www.youtube.com/watch?v=N4sgk0PLhQ0
272,switch backside shuv rewind,Switch,3,232.6,Shuv-its,Shuv-it,Rewind|Backside,backside shuv rewind,https://www.youtube.com/watch?v=N4sgk0PLhQ0
273,backside shuv rewind,Regular,3,234.3,Shuv-its,Shuv-it,Rewind|Backside,backside shuv rewind,https://www.youtube.com/watch?v=N4sgk0PLhQ0
274,switch frontside shuv rewind,Switch,3,235.9,Shuv-its,Shuv-it,Rewind|Frontside,frontside shuv rewind,https://www.youtube.com/watch?v=N4sgk0PLhQ0
275,fakie backside late flip,Fakie,3,237.9,Kickflips,Kickflip,Late|Backside,backside late flip,https://www.youtube.com/watch?v=N4sgk0PLhQ0
276,backside late flip,Regular,3,240,Kickflips,Kickflip,Late|Backside,backside late flip,https://www.youtube.com/watch?v=N4sgk0PLhQ0
277,fakie backside late double flip,Fakie,3,243.6,Kickflips,Kickflip,Late|Double|Backside,backside late double flip,https://www.youtube.com/watch?v=N4sgk0PLhQ0
278,fakie double heelflip backside body varial,Fakie,3,249.4,Heelflips,Heelflip,Body Varial|Double|Backside,double heelflip backside body varial,https://www.youtube.com/watch?v=N4sgk0PLhQ0
279,anti bigspin heelflip,Regular,3,251.4,Heelflips,Big Heel,Anti,anti bigspin heelflip,https://www.youtube.com/watch?v=N4sgk0PLhQ0
280,fakie anti bigspin heelflip,Fakie,3,253.9,Heelflips,Big Heel,Anti,anti bigspin heelflip,https://www.youtube.com/watch?v=N4sgk0PLhQ0
281,late 360 inward heelflip,Regular,3,258.1,Heelflips,Inward Heel,Late|360,late 360 inward heelflip,https://www.youtube.com/watch?v=N4sgk0PLhQ0
282,switch 360 double flip,Switch,3,263.6,Kickflips,360 Flip / Tre,Double|360,360 double flip,https://www.youtube.com/watch?v=N4sgk0PLhQ0
283,impossible body varial,Regular,3,266,Impossible,None,Body Varial,impossible body varial,https://www.youtube.com/watch?v=N4sgk0PLhQ0
284,impossible rewind,Regular,3,269.7,Impossible,None,Rewind,impossible rewind,https://www.youtube.com/watch?v=N4sgk0PLhQ0
285,double kickflip backside body varial,Regular,3,274,Kickflips,Kickflip,Body Varial|Double|Backside,double kickflip backside body varial,https://www.youtube.com/watch?v=N4sgk0PLhQ0
286,double heelflip backside body varial,Regular,3,277.9,Heelflips,Heelflip,Body Varial|Double|Backside,double heelflip backside body varial,https://www.youtube.com/watch?v=N4sgk0PLhQ0
287,fakie double kickflip backside body varial,Fakie,3,279.8,Kickflips,Kickflip,Body Varial|Double|Backside,double kickflip backside body varial,https://www.youtube.com/watch?v=N4sgk0PLhQ0
288,fakie backside 360 kickflip,Fakie,3,282.1,Kickflips,Kickflip,Backside|360,backside 360 kickflip,https://www.youtube.com/watch?v=N4sgk0PLhQ0
289,backside 360 kickflip,Regular,3,284.3,Kickflips,Kickflip,Backside|360,backside 360 kickflip,https://www.youtube.com/watch?v=N4sgk0PLhQ0
290,360 flip body varial,Regular,3,289.4,Kickflips,360 Flip / Tre,Body Varial|360,360 flip body varial,https://www.youtube.com/watch?v=N4sgk0PLhQ0
291,360 flip rewind,Regular,3,291.1,Kickflips,360 Flip / Tre,Rewind|360,360 flip rewind,https://www.youtube.com/watch?v=N4sgk0PLhQ0
292,switch 360 flip rewind,Switch,3,293.3,Kickflips,360 Flip / Tre,Rewind|360,360 flip rewind,https://www.youtube.com/watch?v=N4sgk0PLhQ0
293,360 double flip,Regular,3,295.3,Kickflips,360 Flip / Tre,Double|360,360 double flip,https://www.youtube.com/watch?v=N4sgk0PLhQ0
294,360 double flip body varial,Regular,3,297.2,Kickflips,360 Flip / Tre,Body Varial|Double|360,360 double flip body varial,https://www.youtube.com/watch?v=N4sgk0PLhQ0
295,fakie 360 double flip,Fakie,3,299.3,Kickflips,360 Flip / Tre,Double|360,360 double flip,https://www.youtube.com/watch?v=N4sgk0PLhQ0
296,bigspin double flip,Regular,3,301.2,Kickflips,Bigflip,Double,bigspin double flip,https://www.youtube.com/watch?v=N4sgk0PLhQ0
297,fakie bigspin double flip,Fakie,3,305,Kickflips,Bigflip,Double,bigspin double flip,https://www.youtube.com/watch?v=N4sgk0PLhQ0
298,fakie bigspin triple flip,Fakie,3,307.4,Kickflips,Bigflip,Triple,bigspin triple flip,https://www.youtube.com/watch?v=N4sgk0PLhQ0
299,triple kickflip,Regular,3,313,Kickflips,Kickflip,Triple,triple kickflip,https://www.youtube.com/watch?v=N4sgk0PLhQ0
300,switch frontside 180 front foot impossible,Switch,3,315.1,Impossible,None,Front Foot|Frontside|180,frontside 180 front foot impossible,https://www.youtube.com/watch?v=N4sgk0PLhQ0
301,switch backside 360 kickflip,Switch,4,1.6,Kickflips,Kickflip,Backside|360,backside 360 kickflip,https://www.youtube.com/watch?v=uqV5JQU4rG8
302,nollie 360 inward heelflip,Nollie,4,5.1,Heelflips,Inward Heel,360,360 inward heelflip,https://www.youtube.com/watch?v=uqV5JQU4rG8
303,nollie frontside 360 kickflip,Nollie,4,7.7,Kickflips,Kickflip,Frontside|360,frontside 360 kickflip,https://www.youtube.com/watch?v=uqV5JQU4rG8
304,switch backside shuv late shuv,Switch,4,13.1,Shuv-its,Shuv-it,Late|Backside,backside shuv late shuv,https://www.youtube.com/watch?v=uqV5JQU4rG8
305,switch backside shuv late under varial heel,Switch,4,15.8,Shuv-its,Shuv-it,Late|Backside|Underflip,backside shuv late under varial heel,https://www.youtube.com/watch?v=uqV5JQU4rG8
306,switch backside double heelflip,Switch,4,21.8,Heelflips,Heelflip,Double|Backside,backside double heelflip,https://www.youtube.com/watch?v=uqV5JQU4rG8
307,nollie inward double heelflip,Nollie,4,24.3,Heelflips,Inward Heel,Double,inward double heelflip,https://www.youtube.com/watch?v=uqV5JQU4rG8
308,switch front foot feather flip,Switch,4,29.7,Feather,None,Front Foot,front foot feather flip,https://www.youtube.com/watch?v=uqV5JQU4rG8
309,switch varial double heelflip,Switch,4,36,Heelflips,Varial Heel,Double,varial double heelflip,https://www.youtube.com/watch?v=uqV5JQU4rG8
310,switch backside shuv late flip,Switch,4,39,Shuv-its,Shuv-it,Late|Backside,backside shuv late flip,https://www.youtube.com/watch?v=uqV5JQU4rG8
311,switch backside bigspin late flip,Switch,4,41.7,Shuv-its,Bigspin,Late|Backside,backside bigspin late flip,https://www.youtube.com/watch?v=uqV5JQU4rG8
312,nollie backside shuv late flip,Nollie,4,44.8,Shuv-its,Shuv-it,Late|Backside,backside shuv late flip,https://www.youtube.com/watch?v=uqV5JQU4rG8
313,switch frontside shuv late flip,Switch,4,47.2,Shuv-its,Shuv-it,Late|Frontside,frontside shuv late flip,https://www.youtube.com/watch?v=uqV5JQU4rG8
314,switch frontside shuv late double flip,Switch,4,49.7,Shuv-its,Shuv-it,Late|Double|Frontside,frontside shuv late double flip,https://www.youtube.com/watch?v=uqV5JQU4rG8
315,fakie backside shuv late flip,Fakie,4,55.9,Shuv-its,Shuv-it,Late|Backside,backside shuv late flip,https://www.youtube.com/watch?v=uqV5JQU4rG8
316,pressure frontside flip,Regular,4,58,Kickflips,Kickflip,Pressure|Frontside,pressure frontside flip,https://www.youtube.com/watch?v=uqV5JQU4rG8
317,half impossible,Regular,4,60.2,Impossible,None,Half,half impossible,https://www.youtube.com/watch?v=uqV5JQU4rG8
318,half impossible late flip,Regular,4,62.4,Impossible,None,Late|Half,half impossible late flip,https://www.youtube.com/watch?v=uqV5JQU4rG8
319,bigspin half impossible late flip,Regular,4,64.4,Shuv-its,Bigspin,Late|Half,bigspin half impossible late flip,https://www.youtube.com/watch?v=uqV5JQU4rG8
320,fakie frontside bigspin late flip,Fakie,4,72.3,Shuv-its,Bigspin,Late|Frontside,frontside bigspin late flip,https://www.youtube.com/watch?v=uqV5JQU4rG8
321,impossible late flip,Regular,4,74.5,Impossible,None,Late,impossible late flip,https://www.youtube.com/watch?v=uqV5JQU4rG8
322,impossible late double flip,Regular,4,81,Impossible,None,Late|Double,impossible late double flip,https://www.youtube.com/watch?v=uqV5JQU4rG8
323,fakie frontside shuv late flip,Fakie,4,90.6,Shuv-its,Shuv-it,Late|Frontside,frontside shuv late flip,https://www.youtube.com/watch?v=uqV5JQU4rG8
324,switch hardflip rewind,Switch,4,94.9,Kickflips,Hardflip,Rewind,hardflip rewind,https://www.youtube.com/watch?v=uqV5JQU4rG8
325,nollie hardflip rewind,Nollie,4,97.6,Kickflips,Hardflip,Rewind,hardflip rewind,https://www.youtube.com/watch?v=uqV5JQU4rG8
326,fakie lazer double flip,Fakie,4,102.1,Heelflips,Lazer,Double,lazer double flip,https://www.youtube.com/watch?v=uqV5JQU4rG8
327,lazer double flip,Regular,4,104.5,Heelflips,Lazer,Double,lazer double flip,https://www.youtube.com/watch?v=uqV5JQU4rG8
328,cancel flip,Regular,4,109.3,Kickflips,Kickflip,Late|Cancel,cancel flip,https://www.youtube.com/watch?v=uqV5JQU4rG8
329,cancel heel,Regular,4,115.5,Heelflips,Heelflip,Late|Cancel,cancel heel,https://www.youtube.com/watch?v=uqV5JQU4rG8
330,backside cancel heel,Regular,4,119.4,Heelflips,Heelflip,Late|Cancel|Backside,backside cancel heel,https://www.youtube.com/watch?v=uqV5JQU4rG8
331,inward heelflip rewind,Regular,4,126.6,Heelflips,Inward Heel,Rewind,inward heelflip rewind,https://www.youtube.com/watch?v=uqV5JQU4rG8
332,fakie inward heelflip rewind,Fakie,4,133.4,Heelflips,Inward Heel,Rewind,inward heelflip rewind,https://www.youtube.com/watch?v=uqV5JQU4rG8
333,varial heelflip rewind,Regular,4,140.3,Heelflips,Varial Heel,Rewind,varial heelflip rewind,https://www.youtube.com/watch?v=uqV5JQU4rG8
334,fakie bigspin inward heel,Fakie,4,143.2,Shuv-its,Bigspin,,bigspin inward heel,https://www.youtube.com/watch?v=uqV5JQU4rG8
335,bigspin inward heel,Regular,4,147.6,Shuv-its,Bigspin,,bigspin inward heel,https://www.youtube.com/watch?v=uqV5JQU4rG8
336,fakie pressure flip body varial,Fakie,4,149.8,Kickflips,Kickflip,Pressure|Body Varial,pressure flip body varial,https://www.youtube.com/watch?v=uqV5JQU4rG8
337,360 pressure flip body varial,Regular,4,151.9,Kickflips,Kickflip,Pressure|Body Varial|360,360 pressure flip body varial,https://www.youtube.com/watch?v=uqV5JQU4rG8
338,540 pressure flip,Regular,4,154.1,Kickflips,Kickflip,Pressure|540,540 pressure flip,https://www.youtube.com/watch?v=uqV5JQU4rG8
339,pressure biggerspin flip,Regular,4,158.8,Kickflips,Bigflip,Pressure,pressure biggerspin flip,https://www.youtube.com/watch?v=uqV5JQU4rG8
340,switch backside 540 shuv,Switch,4,163.3,Shuv-its,Shuv-it,Backside|540,backside 540 shuv,https://www.youtube.com/watch?v=uqV5JQU4rG8
341,frontside bigspin double heel,Regular,4,165.6,Heelflips,Big Heel,Double|Frontside,frontside bigspin double heel,https://www.youtube.com/watch?v=uqV5JQU4rG8
342,frontside bigspin flip,Regular,4,168.2,Kickflips,Bigflip,Frontside,frontside bigspin flip,https://www.youtube.com/watch?v=uqV5JQU4rG8
343,360 hardflip,Regular,4,175.6,Kickflips,Hardflip,360,360 hardflip,https://www.youtube.com/watch?v=uqV5JQU4rG8
344,nollie frontside shuv late flip,Nollie,4,180.8,Shuv-its,Shuv-it,Late|Frontside,frontside shuv late flip,https://www.youtube.com/watch?v=uqV5JQU4rG8
345,late backside shuv,Regular,4,183.6,Shuv-its,Shuv-it,Late|Backside,late backside shuv,https://www.youtube.com/watch?v=uqV5JQU4rG8
346,fakie late backside shuv,Fakie,4,187.4,Shuv-its,Shuv-it,Late|Backside,late backside shuv,https://www.youtube.com/watch?v=uqV5JQU4rG8
347,late backside heel,Regular,4,189.5,Heelflips,Heelflip,Late|Backside,late backside heel,https://www.youtube.com/watch?v=uqV5JQU4rG8
348,fakie pressure backside heel,Fakie,4,192.2,Heelflips,Heelflip,Pressure|Backside,pressure backside heel,https://www.youtube.com/watch?v=uqV5JQU4rG8
349,half heel anti casper flip,Regular,4,194.4,Heelflips,Heelflip,Anti|Half,half heel anti casper flip,https://www.youtube.com/watch?v=uqV5JQU4rG8
350,fakie backside cancel heel,Fakie,4,198.7,Heelflips,Heelflip,Late|Cancel|Backside,backside cancel heel,https://www.youtube.com/watch?v=uqV5JQU4rG8
351,fakie half heel anti casper flip,Fakie,4,203,Heelflips,Heelflip,Anti|Half,half heel anti casper flip,https://www.youtube.com/watch?v=uqV5JQU4rG8
352,fakie frontside bigspin double heel,Fakie,4,205.7,Heelflips,Big Heel,Double|Frontside,frontside bigspin double heel,https://www.youtube.com/watch?v=uqV5JQU4rG8
353,fakie frontside gazelle heel,Fakie,4,210.5,Shuv-its,Gazelle,Frontside|Body Varial,frontside gazelle heel,https://www.youtube.com/watch?v=uqV5JQU4rG8
354,fakie frontside biggerspin heel,Fakie,4,217.7,Heelflips,Big Heel,Frontside,frontside biggerspin heel,https://www.youtube.com/watch?v=uqV5JQU4rG8
355,backside feather flip,Regular,4,220.5,Feather,None,Backside,backside feather flip,https://www.youtube.com/watch?v=uqV5JQU4rG8
356,nollie pressure hardflip,Nollie,4,225.2,Kickflips,Hardflip,Pressure,pressure hardflip,https://www.youtube.com/watch?v=uqV5JQU4rG8
357,switch inward heel rewind,Switch,4,227.4,Heelflips,Inward Heel,Rewind,inward heel rewind,https://www.youtube.com/watch?v=uqV5JQU4rG8
358,switch 360 inward heel,Switch,4,232.3,Heelflips,Inward Heel,360,360 inward heel,https://www.youtube.com/watch?v=uqV5JQU4rG8
359,switch bigspin inward heel,Switch,4,237,Shuv-its,Bigspin,,bigspin inward heel,https://www.youtube.com/watch?v=uqV5JQU4rG8
360,fakie backside 360 heelflip,Fakie,4,239.9,Heelflips,Heelflip,Backside|360,backside 360 heelflip,https://www.youtube.com/watch?v=uqV5JQU4rG8
361,fakie backside 360 double kickflip,Fakie,4,242.4,Kickflips,Kickflip,Double|Backside|360,backside 360 double kickflip,https://www.youtube.com/watch?v=uqV5JQU4rG8
362,kickflip late backside shuv,Regular,4,248.4,Kickflips,Kickflip,Late|Backside,kickflip late backside shuv,https://www.youtube.com/watch?v=uqV5JQU4rG8
363,frontside anti bigspin,Regular,4,253.4,Shuv-its,Bigspin,Anti|Frontside,frontside anti bigspin,https://www.youtube.com/watch?v=uqV5JQU4rG8
364,fakie frontside anti bigspin,Fakie,4,255.8,Shuv-its,Bigspin,Anti|Frontside,frontside anti bigspin,https://www.youtube.com/watch?v=uqV5JQU4rG8
365,fakie cancel heel,Fakie,4,258.1,Heelflips,Heelflip,Late|Cancel,cancel heel,https://www.youtube.com/watch?v=uqV5JQU4rG8
366,switch cancel heel,Switch,4,260.3,Heelflips,Heelflip,Late|Cancel,cancel heel,https://www.youtube.com/watch?v=uqV5JQU4rG8
367,late double flip,Regular,4,262.5,Kickflips,Kickflip,Late|Double,late double flip,https://www.youtube.com/watch?v=uqV5JQU4rG8
368,nollie inward heel rewind,Nollie,4,267.4,Heelflips,Inward Heel,Rewind,inward heel rewind,https://www.youtube.com/watch?v=uqV5JQU4rG8
369,late frontside shuv,Regular,4,271.9,Shuv-its,Shuv-it,Late|Frontside,late frontside shuv,https://www.youtube.com/watch?v=uqV5JQU4rG8
370,switch late frontside shuv,Switch,4,275.9,Shuv-its,Shuv-it,Late|Frontside,late frontside shuv,https://www.youtube.com/watch?v=uqV5JQU4rG8
371,nollie 360 double flip,Nollie,4,280.3,Kickflips,360 Flip / Tre,Double|360,360 double flip,https://www.youtube.com/watch?v=uqV5JQU4rG8
372,fakie frontside shuv rewind,Fakie,4,283.5,Shuv-its,Shuv-it,Rewind|Frontside,frontside shuv rewind,https://www.youtube.com/watch?v=uqV5JQU4rG8
373,frontside shuv body varial,Regular,4,285.6,Shuv-its,Shuv-it,Body Varial|Frontside,frontside shuv body varial,https://www.youtube.com/watch?v=uqV5JQU4rG8
374,fakie frontside shuv body varial,Fakie,4,287.6,Shuv-its,Shuv-it,Body Varial|Frontside,frontside shuv body varial,https://www.youtube.com/watch?v=uqV5JQU4rG8
375,frontside shuv crossfoot,Regular,4,289.8,Shuv-its,Shuv-it,Crossfoot|Frontside,frontside shuv crossfoot,https://www.youtube.com/watch?v=uqV5JQU4rG8
376,backside shuv crossfoot,Regular,4,291.9,Shuv-its,Shuv-it,Crossfoot|Backside,backside shuv crossfoot,https://www.youtube.com/watch?v=uqV5JQU4rG8
377,heelflip crossfoot,Regular,4,293.7,Heelflips,Heelflip,Crossfoot,heelflip crossfoot,https://www.youtube.com/watch?v=uqV5JQU4rG8
378,kickflip crossfoot,Regular,4,296.6,Kickflips,Kickflip,Crossfoot,kickflip crossfoot,https://www.youtube.com/watch?v=uqV5JQU4rG8
379,crossfoot heelflip,Regular,4,298.8,Heelflips,Heelflip,Crossfoot,crossfoot heelflip,https://www.youtube.com/watch?v=uqV5JQU4rG8
380,backside shuv body varial,Regular,4,301.5,Shuv-its,Shuv-it,Body Varial|Backside,backside shuv body varial,https://www.youtube.com/watch?v=uqV5JQU4rG8
381,fakie backside shuv body varial,Fakie,4,305.2,Shuv-its,Shuv-it,Body Varial|Backside,backside shuv body varial,https://www.youtube.com/watch?v=uqV5JQU4rG8
382,fakie varial flip body varial,Fakie,4,307.4,Kickflips,Varial Flip,Body Varial,varial flip body varial,https://www.youtube.com/watch?v=uqV5JQU4rG8
383,fakie varial heelflip body varial,Fakie,4,309.6,Heelflips,Varial Heel,Body Varial,varial heelflip body varial,https://www.youtube.com/watch?v=uqV5JQU4rG8
384,impossible late flip body varial,Regular,4,311.7,Impossible,None,Late|Body Varial,impossible late flip body varial,https://www.youtube.com/watch?v=uqV5JQU4rG8
385,varial flip body varial,Regular,4,314,Kickflips,Varial Flip,Body Varial,varial flip body varial,https://www.youtube.com/watch?v=uqV5JQU4rG8
386,360 forward flip,Regular,4,316.2,Forward / Dolphin,Forward,360,360 forward flip,https://www.youtube.com/watch?v=uqV5JQU4rG8
387,fakie impossible late flip,Fakie,4,327.9,Impossible,None,Late,impossible late flip,https://www.youtube.com/watch?v=uqV5JQU4rG8
388,fakie biggerspin double flip,Fakie,4,330.4,Kickflips,Bigflip,Double,biggerspin double flip,https://www.youtube.com/watch?v=uqV5JQU4rG8
389,360 triple flip,Regular,4,334.9,Kickflips,360 Flip / Tre,Triple|360,360 triple flip,https://www.youtube.com/watch?v=uqV5JQU4rG8
390,switch 540 front foot impossible,Switch,4,342,Impossible,None,Front Foot|540,540 front foot impossible,https://www.youtube.com/watch?v=uqV5JQU4rG8
391,late varial flip,Regular,4,346.6,Kickflips,Varial Flip,Late,late varial flip,https://www.youtube.com/watch?v=uqV5JQU4rG8
392,late backside bigspin flip,Regular,4,350.5,Kickflips,Bigflip,Late|Backside,late backside bigspin flip,https://www.youtube.com/watch?v=uqV5JQU4rG8
393,fakie late varial flip,Fakie,4,353.1,Kickflips,Varial Flip,Late,late varial flip,https://www.youtube.com/watch?v=uqV5JQU4rG8
394,fakie backside cancel flip,Fakie,4,355,Kickflips,Kickflip,Late|Cancel|Backside,backside cancel flip,https://www.youtube.com/watch?v=uqV5JQU4rG8
395,fakie cancel flip,Fakie,4,359.2,Kickflips,Kickflip,Late|Cancel,cancel flip,https://www.youtube.com/watch?v=uqV5JQU4rG8
396,fakie late frontside shuv,Fakie,4,361.7,Shuv-its,Shuv-it,Late|Frontside,late frontside shuv,https://www.youtube.com/watch?v=uqV5JQU4rG8
397,fakie late inward heelflip,Fakie,4,363.9,Heelflips,Inward Heel,Late,late inward heelflip,https://www.youtube.com/watch?v=uqV5JQU4rG8
398,late heelflip frontside body varial,Regular,4,368.5,Heelflips,Heelflip,Late|Body Varial|Frontside,late heelflip frontside body varial,https://www.youtube.com/watch?v=uqV5JQU4rG8
399,late impossible,Regular,4,373,Impossible,None,Late,late impossible,https://www.youtube.com/watch?v=uqV5JQU4rG8
400,switch frontside 360 heelflip,Switch,4,381.1,Heelflips,Heelflip,Frontside|360,frontside 360 heelflip,https://www.youtube.com/watch?v=uqV5JQU4rG8
401,switch triple kickflip,Switch,5,1.6,Kickflips,Kickflip,Triple,triple kickflip,https://www.youtube.com/watch?v=XD_CmCkpskc
402,switch hospital heel,Switch,5,4.4,Casper / Hospital,Hospital,,hospital heel,https://www.youtube.com/watch?v=XD_CmCkpskc
403,switch bigspin hospital heel,Switch,5,6.9,Shuv-its,Bigspin,,bigspin hospital heel,https://www.youtube.com/watch?v=XD_CmCkpskc
404,nollie forward flip,Nollie,5,11.2,Forward / Dolphin,Forward,,forward flip,https://www.youtube.com/watch?v=XD_CmCkpskc
405,switch forward flip,Switch,5,13.7,Forward / Dolphin,Forward,,forward flip,https://www.youtube.com/watch?v=XD_CmCkpskc
406,switch pressure 360 hardflip,Switch,5,20.1,Kickflips,Hardflip,Pressure|360,pressure 360 hardflip,https://www.youtube.com/watch?v=XD_CmCkpskc
407,frontside anti bigspin flip,Regular,5,22.2,Kickflips,Bigflip,Anti|Frontside,frontside anti bigspin flip,https://www.youtube.com/watch?v=XD_CmCkpskc
408,fakie frontside anti bigspin flip,Fakie,5,27.9,Kickflips,Bigflip,Anti|Frontside,frontside anti bigspin flip,https://www.youtube.com/watch?v=XD_CmCkpskc
409,fakie varial half flip cancel flip,Fakie,5,30.5,Kickflips,Varial Flip,Late|Cancel|Half,varial half flip cancel flip,https://www.youtube.com/watch?v=XD_CmCkpskc
410,nollie frontside gazelle spin,Nollie,5,37.9,Shuv-its,Gazelle,Frontside|Body Varial,frontside gazelle spin,https://www.youtube.com/watch?v=XD_CmCkpskc
411,nollie biggerspin flip,Nollie,5,40.5,Kickflips,Bigflip,,biggerspin flip,https://www.youtube.com/watch?v=XD_CmCkpskc
412,nollie 540 flip,Nollie,5,46.7,Kickflips,360 Flip / Tre,540,540 flip,https://www.youtube.com/watch?v=XD_CmCkpskc
413,switch frontside 360 kickflip,Switch,5,49,Kickflips,Kickflip,Frontside|360,frontside 360 kickflip,https://www.youtube.com/watch?v=XD_CmCkpskc
414,pressure hardflip body varial,Regular,5,54.2,Kickflips,Hardflip,Pressure|Body Varial,pressure hardflip body varial,https://www.youtube.com/watch?v=XD_CmCkpskc
415,frontside half impossible,Regular,5,56.8,Impossible,None,Half|Frontside,frontside half impossible,https://www.youtube.com/watch?v=XD_CmCkpskc
416,frontside feather flip,Regular,5,61.7,Feather,None,Frontside,frontside feather flip,https://www.youtube.com/watch?v=XD_CmCkpskc
417,switch backside flip underflip,Switch,5,65.2,Kickflips,Kickflip,Backside|Underflip,backside flip underflip,https://www.youtube.com/watch?v=XD_CmCkpskc
418,pressure flip underflip,Regular,5,68.2,Kickflips,Kickflip,Pressure|Underflip,pressure flip underflip,https://www.youtube.com/watch?v=XD_CmCkpskc
419,switch biggerspin flip,Switch,5,77.3,Kickflips,Bigflip,,biggerspin flip,https://www.youtube.com/watch?v=XD_CmCkpskc
420,semi flip,Regular,5,83.5,Kickflips,Kickflip,Semi,semi flip,https://www.youtube.com/watch?v=XD_CmCkpskc
421,switch pressure flip rewind,Switch,5,88.1,Kickflips,Kickflip,Pressure|Rewind,pressure flip rewind,https://www.youtube.com/watch?v=XD_CmCkpskc
422,switch pressure flip body varial,Switch,5,90.9,Kickflips,Kickflip,Pressure|Body Varial,pressure flip body varial,https://www.youtube.com/watch?v=XD_CmCkpskc
423,switch pressure flip late flip,Switch,5,93.2,Kickflips,Kickflip,Pressure|Late,pressure flip late flip,https://www.youtube.com/watch?v=XD_CmCkpskc
424,pop shuv late varial flip,Regular,5,99,Shuv-its,Shuv-it,Late,pop shuv late varial flip,https://www.youtube.com/watch?v=XD_CmCkpskc
425,impossible late varial flip,Regular,5,106.2,Impossible,None,Late,impossible late varial flip,https://www.youtube.com/watch?v=XD_CmCkpskc
426,backside anti bigspin,Regular,5,116.7,Shuv-its,Bigspin,Anti|Backside,backside anti bigspin,https://www.youtube.com/watch?v=XD_CmCkpskc
427,backside anti bigspin flip,Regular,5,119.1,Kickflips,Bigflip,Anti|Backside,backside anti bigspin flip,https://www.youtube.com/watch?v=XD_CmCkpskc
428,late flip backside body varial,Regular,5,126.3,Kickflips,Kickflip,Late|Body Varial|Backside,late flip backside body varial,https://www.youtube.com/watch?v=XD_CmCkpskc
429,nollie late flip frontside body varial,Nollie,5,131,Kickflips,Kickflip,Late|Body Varial|Frontside,late flip frontside body varial,https://www.youtube.com/watch?v=XD_CmCkpskc
430,pressure flip crossfoot,Regular,5,133.3,Kickflips,Kickflip,Pressure|Crossfoot,pressure flip crossfoot,https://www.youtube.com/watch?v=XD_CmCkpskc
431,backside 180 impossible late flip,Regular,5,136.2,Impossible,None,Late|Backside|180,backside 180 impossible late flip,https://www.youtube.com/watch?v=XD_CmCkpskc
432,kickflip late heelflip,Regular,5,145.3,Kickflips,Kickflip,Late,kickflip late heelflip,https://www.youtube.com/watch?v=XD_CmCkpskc
433,fakie backside anti bigspin,Fakie,5,158.3,Shuv-its,Bigspin,Anti|Backside,backside anti bigspin,https://www.youtube.com/watch?v=XD_CmCkpskc
434,fakie backside 180 impossible,Fakie,5,163.4,Impossible,None,Backside|180,backside 180 impossible,https://www.youtube.com/watch?v=XD_CmCkpskc
435,switch varial double flip,Switch,5,166.6,Kickflips,Varial Flip,Double,varial double flip,https://www.youtube.com/watch?v=XD_CmCkpskc
436,fakie varial half flip anti casper flip,Fakie,5,169.2,Kickflips,Varial Flip,Anti|Half,varial half flip anti casper flip,https://www.youtube.com/watch?v=XD_CmCkpskc
437,backside shuv under double flip,Regular,5,171.5,Shuv-its,Shuv-it,Double|Backside|Underflip,backside shuv under double flip,https://www.youtube.com/watch?v=XD_CmCkpskc
438,backside shuv underflip body varial,Regular,5,173.7,Shuv-its,Shuv-it,Body Varial|Backside|Underflip,backside shuv underflip body varial,https://www.youtube.com/watch?v=XD_CmCkpskc
439,backside shuv under double flip body varial,Regular,5,176.3,Shuv-its,Shuv-it,Body Varial|Double|Backside|Underflip,backside shuv under double flip body varial,https://www.youtube.com/watch?v=XD_CmCkpskc
440,360 shuv underflip body varial,Regular,5,178.9,Shuv-its,Shuv-it,Body Varial|360|Underflip,360 shuv underflip body varial,https://www.youtube.com/watch?v=XD_CmCkpskc
441,casper flip body varial,Regular,5,181,Casper / Hospital,Casper,Body Varial,casper flip body varial,https://www.youtube.com/watch?v=XD_CmCkpskc
442,360 shuv under triple flip,Regular,5,184.1,Shuv-its,Shuv-it,Triple|360|Underflip,360 shuv under triple flip,https://www.youtube.com/watch?v=XD_CmCkpskc
443,nollie hospital heel,Nollie,5,192,Casper / Hospital,Hospital,,hospital heel,https://www.youtube.com/watch?v=XD_CmCkpskc
444,nollie triple kickflip,Nollie,5,196.2,Kickflips,Kickflip,Triple,triple kickflip,https://www.youtube.com/watch?v=XD_CmCkpskc
445,switch pressure backside heel,Switch,5,199.6,Heelflips,Heelflip,Pressure|Backside,pressure backside heel,https://www.youtube.com/watch?v=XD_CmCkpskc
446,switch pressure heel body varial,Switch,5,207.1,Heelflips,Heelflip,Pressure|Body Varial,pressure heel body varial,https://www.youtube.com/watch?v=XD_CmCkpskc
447,switch pressure heel,Switch,5,209.3,Heelflips,Heelflip,Pressure,pressure heel,https://www.youtube.com/watch?v=XD_CmCkpskc
448,double cancel flip,Regular,5,212,Kickflips,Kickflip,Late|Cancel|Double,double cancel flip,https://www.youtube.com/watch?v=XD_CmCkpskc
449,fakie triple kickflip,Fakie,5,220.1,Kickflips,Kickflip,Triple,triple kickflip,https://www.youtube.com/watch?v=XD_CmCkpskc
450,switch frontside shuv body varial,Switch,5,228.1,Shuv-its,Shuv-it,Body Varial|Frontside,frontside shuv body varial,https://www.youtube.com/watch?v=XD_CmCkpskc
451,nollie backside shuv body varial,Nollie,5,230.2,Shuv-its,Shuv-it,Body Varial|Backside,backside shuv body varial,https://www.youtube.com/watch?v=XD_CmCkpskc
452,pressure half flip cancel flip,Regular,5,231.8,Kickflips,Kickflip,Pressure|Late|Cancel|Half,pressure half flip cancel flip,https://www.youtube.com/watch?v=XD_CmCkpskc
453,late hard double flip,Regular,5,234.7,Kickflips,Hardflip,Late|Double,late hard double flip,https://www.youtube.com/watch?v=XD_CmCkpskc
454,frontside 360 double kickflip,Regular,5,242,Kickflips,Kickflip,Double|Frontside|360,frontside 360 double kickflip,https://www.youtube.com/watch?v=XD_CmCkpskc
455,quadruple kickflip,Regular,5,245.3,Kickflips,Kickflip,Quadruple,quadruple kickflip,https://www.youtube.com/watch?v=XD_CmCkpskc
456,frontside triple kickflip,Regular,5,257,Kickflips,Kickflip,Triple|Frontside,frontside triple kickflip,https://www.youtube.com/watch?v=XD_CmCkpskc
457,monster flip,Regular,5,262.1,Shuv-its,Monster,,monster flip,https://www.youtube.com/watch?v=XD_CmCkpskc
458,fakie monster flip,Fakie,5,269.3,Shuv-its,Monster,,monster flip,https://www.youtube.com/watch?v=XD_CmCkpskc
459,fakie frontside bigspin flip,Fakie,5,276.9,Kickflips,Bigflip,Frontside,frontside bigspin flip,https://www.youtube.com/watch?v=XD_CmCkpskc
460,fakie hardflip late flip,Fakie,5,282,Kickflips,Hardflip,Late,hardflip late flip,https://www.youtube.com/watch?v=XD_CmCkpskc
461,switch late hardflip,Switch,5,287.7,Kickflips,Hardflip,Late,late hardflip,https://www.youtube.com/watch?v=XD_CmCkpskc
462,nollie late backside shuv,Nollie,5,295.2,Shuv-its,Shuv-it,Late|Backside,late backside shuv,https://www.youtube.com/watch?v=XD_CmCkpskc
463,nollie late hardflip,Nollie,5,297.3,Kickflips,Hardflip,Late,late hardflip,https://www.youtube.com/watch?v=XD_CmCkpskc
464,frontside flip late flip,Regular,5,299.7,Kickflips,Kickflip,Late|Frontside,frontside flip late flip,https://www.youtube.com/watch?v=XD_CmCkpskc
465,bigspin dolphin flip,Regular,5,307.4,Shuv-its,Bigspin,,bigspin dolphin flip,https://www.youtube.com/watch?v=XD_CmCkpskc
466,fakie 360 forward flip,Fakie,5,312.1,Forward / Dolphin,Forward,360,360 forward flip,https://www.youtube.com/watch?v=XD_CmCkpskc
467,nollie pressure hardflip body varial,Nollie,5,320,Kickflips,Hardflip,Pressure|Body Varial,pressure hardflip body varial,https://www.youtube.com/watch?v=XD_CmCkpskc
468,switch front foot impossible late hardflip,Switch,5,322.7,Impossible,None,Late|Front Foot,front foot impossible late hardflip,https://www.youtube.com/watch?v=XD_CmCkpskc
469,fakie 360 flip body varial,Fakie,5,331.7,Kickflips,360 Flip / Tre,Body Varial|360,360 flip body varial,https://www.youtube.com/watch?v=XD_CmCkpskc
470,varial half heel cancel flip,Regular,5,334.9,Heelflips,Heelflip,Late|Cancel|Half,varial half heel cancel flip,https://www.youtube.com/watch?v=XD_CmCkpskc
471,frontside 360 pressure kickflip,Regular,5,339.9,Kickflips,Kickflip,Pressure|Frontside|360,frontside 360 pressure kickflip,https://www.youtube.com/watch?v=XD_CmCkpskc
472,pressure hard double flip,Regular,5,347.5,Kickflips,Hardflip,Pressure|Double,pressure hard double flip,https://www.youtube.com/watch?v=XD_CmCkpskc
473,nollie backside shuv rewind,Nollie,5,349.9,Shuv-its,Shuv-it,Rewind|Backside,backside shuv rewind,https://www.youtube.com/watch?v=XD_CmCkpskc
474,nollie backside bigspin late flip,Nollie,5,354.1,Shuv-its,Bigspin,Late|Backside,backside bigspin late flip,https://www.youtube.com/watch?v=XD_CmCkpskc
475,nollie backside gazelle spin,Nollie,5,358.5,Shuv-its,Gazelle,Backside|Body Varial,backside gazelle spin,https://www.youtube.com/watch?v=XD_CmCkpskc
476,nollie backside 360 heelflip,Nollie,5,361.2,Heelflips,Heelflip,Backside|360,backside 360 heelflip,https://www.youtube.com/watch?v=XD_CmCkpskc
477,nollie late heelflip,Nollie,5,363.6,Heelflips,Heelflip,Late,late heelflip,https://www.youtube.com/watch?v=XD_CmCkpskc
478,backside 540 shuv body varial,Regular,5,366.4,Shuv-its,Shuv-it,Body Varial|Backside|540,backside 540 shuv body varial,https://www.youtube.com/watch?v=XD_CmCkpskc
479,nollie frontside flip underflip,Nollie,5,368.7,Kickflips,Kickflip,Frontside|Underflip,frontside flip underflip,https://www.youtube.com/watch?v=XD_CmCkpskc
480,frontside shuv late hardflip,Regular,5,374.7,Shuv-its,Shuv-it,Late|Frontside,frontside shuv late hardflip,https://www.youtube.com/watch?v=XD_CmCkpskc
481,backside shuv late double flip,Regular,5,377.2,Shuv-its,Shuv-it,Late|Double|Backside,backside shuv late double flip,https://www.youtube.com/watch?v=XD_CmCkpskc
482,fakie late heelflip,Fakie,5,380.1,Heelflips,Heelflip,Late,late heelflip,https://www.youtube.com/watch?v=XD_CmCkpskc
483,fakie frontside late heelflip,Fakie,5,382.3,Heelflips,Heelflip,Late|Frontside,frontside late heelflip,https://www.youtube.com/watch?v=XD_CmCkpskc
484,fakie late double heelflip,Fakie,5,385,Heelflips,Heelflip,Late|Double,late double heelflip,https://www.youtube.com/watch?v=XD_CmCkpskc
485,fakie backside late heelflip,Fakie,5,392.8,Heelflips,Heelflip,Late|Backside,backside late heelflip,https://www.youtube.com/watch?v=XD_CmCkpskc
486,double kickflip frontside body varial,Regular,5,395.2,Kickflips,Kickflip,Body Varial|Double|Frontside,double kickflip frontside body varial,https://www.youtube.com/watch?v=XD_CmCkpskc
487,triple kickflip frontside body varial,Regular,5,397.2,Kickflips,Kickflip,Body Varial|Triple|Frontside,triple kickflip frontside body varial,https://www.youtube.com/watch?v=XD_CmCkpskc
488,fakie double kickflip frontside body varial,Fakie,5,399.9,Kickflips,Kickflip,Body Varial|Double|Frontside,double kickflip frontside body varial,https://www.youtube.com/watch?v=XD_CmCkpskc
489,backside triple kickflip,Regular,5,402.2,Kickflips,Kickflip,Triple|Backside,backside triple kickflip,https://www.youtube.com/watch?v=XD_CmCkpskc
490,backside bigspin triple flip,Regular,5,404.7,Kickflips,Bigflip,Triple|Backside,backside bigspin triple flip,https://www.youtube.com/watch?v=XD_CmCkpskc
491,switch backside shuv body varial,Switch,5,411.8,Shuv-its,Shuv-it,Body Varial|Backside,backside shuv body varial,https://www.youtube.com/watch?v=XD_CmCkpskc
492,nollie frontside shuv body varial,Nollie,5,414.2,Shuv-its,Shuv-it,Body Varial|Frontside,frontside shuv body varial,https://www.youtube.com/watch?v=XD_CmCkpskc
493,nollie frontside shuv rewind,Nollie,5,416.1,Shuv-its,Shuv-it,Rewind|Frontside,frontside shuv rewind,https://www.youtube.com/watch?v=XD_CmCkpskc
494,fakie backside shuv rewind,Fakie,5,418.3,Shuv-its,Shuv-it,Rewind|Backside,backside shuv rewind,https://www.youtube.com/watch?v=XD_CmCkpskc
495,fakie pressure heelflip body varial,Fakie,5,422.9,Heelflips,Heelflip,Pressure|Body Varial,pressure heelflip body varial,https://www.youtube.com/watch?v=XD_CmCkpskc
496,pressure heelflip 360 body varial,Regular,5,425.2,Heelflips,Heelflip,Pressure|Body Varial|360,pressure heelflip 360 body varial,https://www.youtube.com/watch?v=XD_CmCkpskc
497,fakie 360 shuv underflip,Fakie,5,428,Shuv-its,Shuv-it,360|Underflip,360 shuv underflip,https://www.youtube.com/watch?v=XD_CmCkpskc
498,fakie 360 shuv under double flip,Fakie,5,430.1,Shuv-its,Shuv-it,Double|360|Underflip,360 shuv under double flip,https://www.youtube.com/watch?v=XD_CmCkpskc
499,fakie bigspin underflip,Fakie,5,432.2,Shuv-its,Bigspin,Underflip,bigspin underflip,https://www.youtube.com/watch?v=XD_CmCkpskc
500,switch 540 front foot impossible frontside 180,Switch,5,434.7,Impossible,None,Front Foot|Frontside|180|540,540 front foot impossible frontside 180,https://www.youtube.com/watch?v=XD_CmCkpskc
501,360 semi flip,Regular,6,1.6,Kickflips,Kickflip,Semi|360,360 semi flip,https://www.youtube.com/watch?v=GLpC3pRebuI
502,switch late frontside flip,Switch,6,8.8,Kickflips,Kickflip,Late|Frontside,late frontside flip,https://www.youtube.com/watch?v=GLpC3pRebuI
503,bigspin semi flip,Regular,6,11.5,Shuv-its,Bigspin,Semi,bigspin semi flip,https://www.youtube.com/watch?v=GLpC3pRebuI
504,bigspin semi double flip,Regular,6,16.4,Shuv-its,Bigspin,Semi|Double,bigspin semi double flip,https://www.youtube.com/watch?v=GLpC3pRebuI
505,frontside biggerspin heel,Regular,6,22.3,Heelflips,Big Heel,Frontside,frontside biggerspin heel,https://www.youtube.com/watch?v=GLpC3pRebuI
506,backside shuv late flip body varial,Regular,6,27.7,Shuv-its,Shuv-it,Late|Body Varial|Backside,backside shuv late flip body varial,https://www.youtube.com/watch?v=GLpC3pRebuI
507,switch frontside double flip,Switch,6,31.7,Kickflips,Kickflip,Double|Frontside,frontside double flip,https://www.youtube.com/watch?v=GLpC3pRebuI
508,pressure flip late flip,Regular,6,34.4,Kickflips,Kickflip,Pressure|Late,pressure flip late flip,https://www.youtube.com/watch?v=GLpC3pRebuI
509,pressure kickflip frontside body varial,Regular,6,36.4,Kickflips,Kickflip,Pressure|Body Varial|Frontside,pressure kickflip frontside body varial,https://www.youtube.com/watch?v=GLpC3pRebuI
510,pressure frontside anti bigspin flip,Regular,6,40.6,Kickflips,Bigflip,Pressure|Anti|Frontside,pressure frontside anti bigspin flip,https://www.youtube.com/watch?v=GLpC3pRebuI
511,pressure hardflip rewind,Regular,6,45.6,Kickflips,Hardflip,Pressure|Rewind,pressure hardflip rewind,https://www.youtube.com/watch?v=GLpC3pRebuI
512,frontside 360 shuv body varial,Regular,6,48.2,Shuv-its,Shuv-it,Body Varial|Frontside|360,frontside 360 shuv body varial,https://www.youtube.com/watch?v=GLpC3pRebuI
513,switch frontside bigspin late flip,Switch,6,50.8,Shuv-its,Bigspin,Late|Frontside,frontside bigspin late flip,https://www.youtube.com/watch?v=GLpC3pRebuI
514,fakie backside 360 biggerspin,Fakie,6,56.2,Shuv-its,Biggerspin,Backside|360,backside 360 biggerspin,https://www.youtube.com/watch?v=GLpC3pRebuI
515,backside 360 biggerspin,Regular,6,61.7,Shuv-its,Biggerspin,Backside|360,backside 360 biggerspin,https://www.youtube.com/watch?v=GLpC3pRebuI
516,backside 720 shuv,Regular,6,66.9,Shuv-its,Shuv-it,Backside|720,backside 720 shuv,https://www.youtube.com/watch?v=GLpC3pRebuI
517,nollie frontside double flip,Nollie,6,71.5,Kickflips,Kickflip,Double|Frontside,frontside double flip,https://www.youtube.com/watch?v=GLpC3pRebuI
518,nollie varial double flip,Nollie,6,73.9,Kickflips,Varial Flip,Double,varial double flip,https://www.youtube.com/watch?v=GLpC3pRebuI
519,nollie varial flip body varial,Nollie,6,78.3,Kickflips,Varial Flip,Body Varial,varial flip body varial,https://www.youtube.com/watch?v=GLpC3pRebuI
520,switch varial flip body varial,Switch,6,80.7,Kickflips,Varial Flip,Body Varial,varial flip body varial,https://www.youtube.com/watch?v=GLpC3pRebuI
521,switch 360 flip body varial,Switch,6,84.4,Kickflips,360 Flip / Tre,Body Varial|360,360 flip body varial,https://www.youtube.com/watch?v=GLpC3pRebuI
522,fakie backside triple flip,Fakie,6,89,Kickflips,Kickflip,Triple|Backside,backside triple flip,https://www.youtube.com/watch?v=GLpC3pRebuI
523,old school inward heel,Regular,6,92.6,Heelflips,Inward Heel,Old School,old school inward heel,https://www.youtube.com/watch?v=GLpC3pRebuI
524,switch double heel body varial,Switch,6,99.2,Heelflips,Heelflip,Body Varial|Double,double heel body varial,https://www.youtube.com/watch?v=GLpC3pRebuI
525,switch late heelflip,Switch,6,101.9,Heelflips,Heelflip,Late,late heelflip,https://www.youtube.com/watch?v=GLpC3pRebuI
526,switch shuv late varial flip,Switch,6,106.8,Shuv-its,Shuv-it,Late,shuv late varial flip,https://www.youtube.com/watch?v=GLpC3pRebuI
527,kickback,Regular,6,112.5,Kickback,None,,kickback,https://www.youtube.com/watch?v=GLpC3pRebuI
528,frontside kickback,Regular,6,117.2,Kickback,None,Frontside,frontside kickback,https://www.youtube.com/watch?v=GLpC3pRebuI
529,fakie kickback shuv,Fakie,6,119.6,Kickback,None,,kickback shuv,https://www.youtube.com/watch?v=GLpC3pRebuI
530,underflip,Regular,6,121.6,Kickflips,None,Underflip,underflip,https://www.youtube.com/watch?v=GLpC3pRebuI
531,under varial heel,Regular,6,130.7,Heelflips,None,Underflip,under varial heel,https://www.youtube.com/watch?v=GLpC3pRebuI
532,360 triple flip body varial,Regular,6,138.3,Kickflips,360 Flip / Tre,Body Varial|Triple|360,360 triple flip body varial,https://www.youtube.com/watch?v=GLpC3pRebuI
533,cancel heel body varial,Regular,6,144.2,Heelflips,Heelflip,Late|Cancel|Body Varial,cancel heel body varial,https://www.youtube.com/watch?v=GLpC3pRebuI
534,pressure double kickflip,Regular,6,148.7,Kickflips,Kickflip,Pressure|Double,pressure double kickflip,https://www.youtube.com/watch?v=GLpC3pRebuI
535,switch pressure kickflip body varial,Switch,6,153.3,Kickflips,Kickflip,Pressure|Body Varial,pressure kickflip body varial,https://www.youtube.com/watch?v=GLpC3pRebuI
536,nollie pressure backside flip,Nollie,6,157.6,Kickflips,Kickflip,Pressure|Backside,pressure backside flip,https://www.youtube.com/watch?v=GLpC3pRebuI
537,late frontside 360 shuv,Regular,6,163.6,Shuv-its,Shuv-it,Late|Frontside|360,late frontside 360 shuv,https://www.youtube.com/watch?v=GLpC3pRebuI
538,late frontside heel,Regular,6,172.7,Heelflips,Heelflip,Late|Frontside,late frontside heel,https://www.youtube.com/watch?v=GLpC3pRebuI
539,late double heel,Regular,6,179.1,Heelflips,Heelflip,Late|Double,late double heel,https://www.youtube.com/watch?v=GLpC3pRebuI
540,fakie flip late heel,Fakie,6,188.5,Kickflips,Kickflip,Late,flip late heel,https://www.youtube.com/watch?v=GLpC3pRebuI
541,fakie pressure frontside flip,Fakie,6,192.2,Kickflips,Kickflip,Pressure|Frontside,pressure frontside flip,https://www.youtube.com/watch?v=GLpC3pRebuI
542,frontside gazelle heel,Regular,6,195.2,Shuv-its,Gazelle,Frontside|Body Varial,frontside gazelle heel,https://www.youtube.com/watch?v=GLpC3pRebuI
543,fakie biggerspin underflip,Fakie,6,201.3,Shuv-its,Biggerspin,Underflip,biggerspin underflip,https://www.youtube.com/watch?v=GLpC3pRebuI
544,fakie 360 shuv underflip body varial,Fakie,6,205.6,Shuv-its,Shuv-it,Body Varial|360|Underflip,360 shuv underflip body varial,https://www.youtube.com/watch?v=GLpC3pRebuI
545,360 shuv underflip 360 body varial,Regular,6,210.4,Shuv-its,Shuv-it,Body Varial|360|Underflip,360 shuv underflip 360 body varial,https://www.youtube.com/watch?v=GLpC3pRebuI
546,fakie late varial heel,Fakie,6,213.1,Heelflips,Varial Heel,Late,late varial heel,https://www.youtube.com/watch?v=GLpC3pRebuI
547,fakie kickback,Fakie,6,218,Kickback,None,,kickback,https://www.youtube.com/watch?v=GLpC3pRebuI
548,pressure varial heel,Regular,6,220.7,Heelflips,Varial Heel,Pressure,pressure varial heel,https://www.youtube.com/watch?v=GLpC3pRebuI
549,backside cancel flip,Regular,6,223.1,Kickflips,Kickflip,Late|Cancel|Backside,backside cancel flip,https://www.youtube.com/watch?v=GLpC3pRebuI
550,nollie cancel heel,Nollie,6,228,Heelflips,Heelflip,Late|Cancel,cancel heel,https://www.youtube.com/watch?v=GLpC3pRebuI
551,varial flip rewind,Regular,6,230.3,Kickflips,Varial Flip,Rewind,varial flip rewind,https://www.youtube.com/watch?v=GLpC3pRebuI
552,varial flip crossfoot,Regular,6,233,Kickflips,Varial Flip,Crossfoot,varial flip crossfoot,https://www.youtube.com/watch?v=GLpC3pRebuI
553,varial flip late flip,Regular,6,237.9,Kickflips,Varial Flip,Late,varial flip late flip,https://www.youtube.com/watch?v=GLpC3pRebuI
554,nollie flip underflip,Nollie,6,243.3,Kickflips,Kickflip,Underflip,flip underflip,https://www.youtube.com/watch?v=GLpC3pRebuI
555,switch pressure kickflip,Switch,6,249.2,Kickflips,Kickflip,Pressure,pressure kickflip,https://www.youtube.com/watch?v=GLpC3pRebuI
556,fakie cancel heel body varial,Fakie,6,252,Heelflips,Heelflip,Late|Cancel|Body Varial,cancel heel body varial,https://www.youtube.com/watch?v=GLpC3pRebuI
557,fakie frontside cancel heel,Fakie,6,254.6,Heelflips,Heelflip,Late|Cancel|Frontside,frontside cancel heel,https://www.youtube.com/watch?v=GLpC3pRebuI
558,backside 180 impossible,Regular,6,262.2,Impossible,None,Backside|180,backside 180 impossible,https://www.youtube.com/watch?v=GLpC3pRebuI
559,fakie varial flip rewind,Fakie,6,268.6,Kickflips,Varial Flip,Rewind,varial flip rewind,https://www.youtube.com/watch?v=GLpC3pRebuI
560,nollie frontside anti bigspin,Nollie,6,271.5,Shuv-its,Bigspin,Anti|Frontside,frontside anti bigspin,https://www.youtube.com/watch?v=GLpC3pRebuI
561,pressure flip under varial heel,Regular,6,273.8,Kickflips,Kickflip,Pressure|Underflip,pressure flip under varial heel,https://www.youtube.com/watch?v=GLpC3pRebuI
562,hospital heel,Regular,6,279.4,Casper / Hospital,Hospital,,hospital heel,https://www.youtube.com/watch?v=GLpC3pRebuI
563,switch frontside anti bigspin,Switch,6,283.7,Shuv-its,Bigspin,Anti|Frontside,frontside anti bigspin,https://www.youtube.com/watch?v=GLpC3pRebuI
564,switch frontside anti bigspin flip,Switch,6,290.6,Kickflips,Bigflip,Anti|Frontside,frontside anti bigspin flip,https://www.youtube.com/watch?v=GLpC3pRebuI
565,nollie backside anti bigspin,Nollie,6,296.2,Shuv-its,Bigspin,Anti|Backside,backside anti bigspin,https://www.youtube.com/watch?v=GLpC3pRebuI
566,nollie backside anti bigspin flip,Nollie,6,300.7,Kickflips,Bigflip,Anti|Backside,backside anti bigspin flip,https://www.youtube.com/watch?v=GLpC3pRebuI
567,nollie double heel body varial,Nollie,6,305,Heelflips,Heelflip,Body Varial|Double,double heel body varial,https://www.youtube.com/watch?v=GLpC3pRebuI
568,nollie late backside flip,Nollie,6,307.6,Kickflips,Kickflip,Late|Backside,late backside flip,https://www.youtube.com/watch?v=GLpC3pRebuI
569,nollie crossfoot,Nollie,6,311.8,Ollie / Spins,None,Crossfoot,crossfoot,https://www.youtube.com/watch?v=GLpC3pRebuI
570,nollie frontside shuv crossfoot,Nollie,6,314.1,Shuv-its,Shuv-it,Crossfoot|Frontside,frontside shuv crossfoot,https://www.youtube.com/watch?v=GLpC3pRebuI
571,nollie backside shuv crossfoot,Nollie,6,316.1,Shuv-its,Shuv-it,Crossfoot|Backside,backside shuv crossfoot,https://www.youtube.com/watch?v=GLpC3pRebuI
572,switch ollie crossfoot,Switch,6,318.8,Ollie / Spins,None,Crossfoot,ollie crossfoot,https://www.youtube.com/watch?v=GLpC3pRebuI
573,switch front foot impossible crossfoot,Switch,6,321.3,Impossible,None,Crossfoot|Front Foot,front foot impossible crossfoot,https://www.youtube.com/watch?v=GLpC3pRebuI
574,switch front foot impossible late flip,Switch,6,324.3,Impossible,None,Late|Front Foot,front foot impossible late flip,https://www.youtube.com/watch?v=GLpC3pRebuI
575,switch varial flip rewind,Switch,6,330.5,Kickflips,Varial Flip,Rewind,varial flip rewind,https://www.youtube.com/watch?v=GLpC3pRebuI
576,switch double flip frontside body varial,Switch,6,337.1,Kickflips,Kickflip,Body Varial|Double|Frontside,double flip frontside body varial,https://www.youtube.com/watch?v=GLpC3pRebuI
577,fakie backside biggerspin heel,Fakie,6,339.2,Heelflips,Big Heel,Backside,backside biggerspin heel,https://www.youtube.com/watch?v=GLpC3pRebuI
578,inward heel body varial,Regular,6,345.6,Heelflips,Inward Heel,Body Varial,inward heel body varial,https://www.youtube.com/watch?v=GLpC3pRebuI
579,nollie pressure frontside heel,Nollie,6,347.8,Heelflips,Heelflip,Pressure|Frontside,pressure frontside heel,https://www.youtube.com/watch?v=GLpC3pRebuI
580,varial double flip body varial,Regular,6,350.7,Kickflips,Varial Flip,Body Varial|Double,varial double flip body varial,https://www.youtube.com/watch?v=GLpC3pRebuI
581,fakie varial double flip body varial,Fakie,6,353.2,Kickflips,Varial Flip,Body Varial|Double,varial double flip body varial,https://www.youtube.com/watch?v=GLpC3pRebuI
582,fakie bigspin forward flip,Fakie,6,356.1,Shuv-its,Bigspin,,bigspin forward flip,https://www.youtube.com/watch?v=GLpC3pRebuI
583,heelflip late flip,Regular,6,362.2,Heelflips,Heelflip,Late,heelflip late flip,https://www.youtube.com/watch?v=GLpC3pRebuI
584,hard half flip cancel flip,Regular,6,367.6,Kickflips,Hardflip,Late|Cancel|Half,hard half flip cancel flip,https://www.youtube.com/watch?v=GLpC3pRebuI
585,varial double heel body varial,Regular,6,370.3,Heelflips,Varial Heel,Body Varial|Double,varial double heel body varial,https://www.youtube.com/watch?v=GLpC3pRebuI
586,nollie heelflip late shuv,Nollie,6,375.3,Heelflips,Heelflip,Late,heelflip late shuv,https://www.youtube.com/watch?v=GLpC3pRebuI
587,pressure frontside double flip,Regular,6,380.4,Kickflips,Kickflip,Pressure|Double|Frontside,pressure frontside double flip,https://www.youtube.com/watch?v=GLpC3pRebuI
588,backside 360 shuv rewind,Regular,6,385.6,Shuv-its,Shuv-it,Rewind|Backside|360,backside 360 shuv rewind,https://www.youtube.com/watch?v=GLpC3pRebuI
589,fakie varial heel rewind,Fakie,6,389.9,Heelflips,Varial Heel,Rewind,varial heel rewind,https://www.youtube.com/watch?v=GLpC3pRebuI
590,360 inward double heel,Regular,6,392.5,Heelflips,Inward Heel,Double|360,360 inward double heel,https://www.youtube.com/watch?v=GLpC3pRebuI
591,casper flip rewind,Regular,6,403.3,Casper / Hospital,Casper,Rewind,casper flip rewind,https://www.youtube.com/watch?v=GLpC3pRebuI
592,fakie late flip backside body varial,Fakie,6,406.5,Kickflips,Kickflip,Late|Body Varial|Backside,late flip backside body varial,https://www.youtube.com/watch?v=GLpC3pRebuI
593,switch pressure hardflip body varial,Switch,6,414.1,Kickflips,Hardflip,Pressure|Body Varial,pressure hardflip body varial,https://www.youtube.com/watch?v=GLpC3pRebuI
594,switch pressure hard half flip cancel flip,Switch,6,416.6,Kickflips,Hardflip,Pressure|Late|Cancel|Half,pressure hard half flip cancel flip,https://www.youtube.com/watch?v=GLpC3pRebuI
595,switch pressure frontside bigflip,Switch,6,419.1,Kickflips,Bigflip,Pressure|Frontside,pressure frontside bigflip,https://www.youtube.com/watch?v=GLpC3pRebuI
596,switch backside double flip,Switch,6,423.5,Kickflips,Kickflip,Double|Backside,backside double flip,https://www.youtube.com/watch?v=GLpC3pRebuI
597,double heelflip frontside body varial,Regular,6,428.7,Heelflips,Heelflip,Body Varial|Double|Frontside,double heelflip frontside body varial,https://www.youtube.com/watch?v=GLpC3pRebuI
598,fakie double heelflip frontside body varial,Fakie,6,431.5,Heelflips,Heelflip,Body Varial|Double|Frontside,double heelflip frontside body varial,https://www.youtube.com/watch?v=GLpC3pRebuI
599,360 flip late flip,Regular,6,433.8,Kickflips,360 Flip / Tre,Late|360,360 flip late flip,https://www.youtube.com/watch?v=GLpC3pRebuI
600,fakie heelflip anti casper flip,Fakie,6,441.3,Heelflips,Heelflip,Anti,heelflip anti casper flip,https://www.youtube.com/watch?v=GLpC3pRebuI
601,kickflip casper flip,Regular,7,1.6,Kickflips,Kickflip,,kickflip casper flip,https://www.youtube.com/watch?v=xyqJWofmzu4
602,fakie backside bigspin late flip,Fakie,7,11,Shuv-its,Bigspin,Late|Backside,backside bigspin late flip,https://www.youtube.com/watch?v=xyqJWofmzu4
603,pressure kickflip backside body varial,Regular,7,13.6,Kickflips,Kickflip,Pressure|Body Varial|Backside,pressure kickflip backside body varial,https://www.youtube.com/watch?v=xyqJWofmzu4
604,pressure backside kickflip,Regular,7,16,Kickflips,Kickflip,Pressure|Backside,pressure backside kickflip,https://www.youtube.com/watch?v=xyqJWofmzu4
605,pressure varial kickflip,Regular,7,19.8,Kickflips,Kickflip,Pressure,pressure varial kickflip,https://www.youtube.com/watch?v=xyqJWofmzu4
606,pressure varial kickflip rewind,Regular,7,23.4,Kickflips,Kickflip,Pressure|Rewind,pressure varial kickflip rewind,https://www.youtube.com/watch?v=xyqJWofmzu4
607,fakie pressure varial kickflip,Fakie,7,26.9,Kickflips,Kickflip,Pressure,pressure varial kickflip,https://www.youtube.com/watch?v=xyqJWofmzu4
608,triple kickflip backside body varial,Regular,7,29.3,Kickflips,Kickflip,Body Varial|Triple|Backside,triple kickflip backside body varial,https://www.youtube.com/watch?v=xyqJWofmzu4
609,nollie backside double heelflip,Nollie,7,31.9,Heelflips,Heelflip,Double|Backside,backside double heelflip,https://www.youtube.com/watch?v=xyqJWofmzu4
610,fakie late hardflip,Fakie,7,37,Kickflips,Hardflip,Late,late hardflip,https://www.youtube.com/watch?v=xyqJWofmzu4
611,backside shuv late shuv,Regular,7,39.8,Shuv-its,Shuv-it,Late|Backside,backside shuv late shuv,https://www.youtube.com/watch?v=xyqJWofmzu4
612,fakie backside shuv late shuv,Fakie,7,42.7,Shuv-its,Shuv-it,Late|Backside,backside shuv late shuv,https://www.youtube.com/watch?v=xyqJWofmzu4
613,fakie backside shuv under varial heel,Fakie,7,45.2,Shuv-its,Shuv-it,Backside|Underflip,backside shuv under varial heel,https://www.youtube.com/watch?v=xyqJWofmzu4
614,fakie backside shuv under bigspin heel,Fakie,7,52,Heelflips,Big Heel,Backside|Underflip,backside shuv under bigspin heel,https://www.youtube.com/watch?v=xyqJWofmzu4
615,switch double heel frontside body varial,Switch,7,54.3,Heelflips,Heelflip,Body Varial|Double|Frontside,double heel frontside body varial,https://www.youtube.com/watch?v=xyqJWofmzu4
616,backside shuv under varial heel,Regular,7,59.5,Shuv-its,Shuv-it,Backside|Underflip,backside shuv under varial heel,https://www.youtube.com/watch?v=xyqJWofmzu4
617,nollie double heel backside body varial,Nollie,7,64.4,Heelflips,Heelflip,Body Varial|Double|Backside,double heel backside body varial,https://www.youtube.com/watch?v=xyqJWofmzu4
618,late backside shuv body varial,Regular,7,72.1,Shuv-its,Shuv-it,Late|Body Varial|Backside,late backside shuv body varial,https://www.youtube.com/watch?v=xyqJWofmzu4
619,backside bigspin under double flip,Regular,7,76.7,Shuv-its,Bigspin,Double|Backside|Underflip,backside bigspin under double flip,https://www.youtube.com/watch?v=xyqJWofmzu4
620,fakie 540 shuv underflip,Fakie,7,79,Shuv-its,Shuv-it,540|Underflip,540 shuv underflip,https://www.youtube.com/watch?v=xyqJWofmzu4
621,fakie 360 shuv under double flip body varial,Fakie,7,81.3,Shuv-its,Shuv-it,Body Varial|Double|360|Underflip,360 shuv under double flip body varial,https://www.youtube.com/watch?v=xyqJWofmzu4
622,360 shuv under double flip body varial,Regular,7,83.8,Shuv-its,Shuv-it,Body Varial|Double|360|Underflip,360 shuv under double flip body varial,https://www.youtube.com/watch?v=xyqJWofmzu4
623,360 shuv underflip rewind,Regular,7,87.7,Shuv-its,Shuv-it,Rewind|360|Underflip,360 shuv underflip rewind,https://www.youtube.com/watch?v=xyqJWofmzu4
624,fakie frontside flip late flip,Fakie,7,89.7,Kickflips,Kickflip,Late|Frontside,frontside flip late flip,https://www.youtube.com/watch?v=xyqJWofmzu4
625,switch backside gazelle spin,Switch,7,94.8,Shuv-its,Gazelle,Backside|Body Varial,backside gazelle spin,https://www.youtube.com/watch?v=xyqJWofmzu4
626,cancel flip body varial,Regular,7,97.4,Kickflips,Kickflip,Late|Cancel|Body Varial,cancel flip body varial,https://www.youtube.com/watch?v=xyqJWofmzu4
627,fakie cancel flip body varial,Fakie,7,99.7,Kickflips,Kickflip,Late|Cancel|Body Varial,cancel flip body varial,https://www.youtube.com/watch?v=xyqJWofmzu4
628,frontside cancel flip,Regular,7,102.1,Kickflips,Kickflip,Late|Cancel|Frontside,frontside cancel flip,https://www.youtube.com/watch?v=xyqJWofmzu4
629,fakie frontside cancel flip,Fakie,7,106.4,Kickflips,Kickflip,Late|Cancel|Frontside,frontside cancel flip,https://www.youtube.com/watch?v=xyqJWofmzu4
630,switch front foot impossible late flip frontside 180,Switch,7,109.3,Impossible,None,Late|Front Foot|Frontside|180,front foot impossible late flip frontside 180,https://www.youtube.com/watch?v=xyqJWofmzu4
631,fakie 360 flip rewind,Fakie,7,112.2,Kickflips,360 Flip / Tre,Rewind|360,360 flip rewind,https://www.youtube.com/watch?v=xyqJWofmzu4
632,cancel heel frontside body varial,Regular,7,115.4,Heelflips,Heelflip,Late|Cancel|Body Varial|Frontside,cancel heel frontside body varial,https://www.youtube.com/watch?v=xyqJWofmzu4
633,switch cancel flip,Switch,7,117.9,Kickflips,Kickflip,Late|Cancel,cancel flip,https://www.youtube.com/watch?v=xyqJWofmzu4
634,360 shuv underflip crossfoot,Regular,7,122.7,Shuv-its,Shuv-it,Crossfoot|360|Underflip,360 shuv underflip crossfoot,https://www.youtube.com/watch?v=xyqJWofmzu4
635,switch pressure half flip cancel flip,Switch,7,127.1,Kickflips,Kickflip,Pressure|Late|Cancel|Half,pressure half flip cancel flip,https://www.youtube.com/watch?v=xyqJWofmzu4
636,switch 360 pressure flip,Switch,7,129.4,Kickflips,Kickflip,Pressure|360,360 pressure flip,https://www.youtube.com/watch?v=xyqJWofmzu4
637,nollie frontside bigspin double flip,Nollie,7,136.2,Kickflips,Bigflip,Double|Frontside,frontside bigspin double flip,https://www.youtube.com/watch?v=xyqJWofmzu4
638,switch forward heel,Switch,7,139,Forward / Dolphin,Forward,,forward heel,https://www.youtube.com/watch?v=xyqJWofmzu4
639,pressure backside 360 heel,Regular,7,141.5,Heelflips,Heelflip,Pressure|Backside|360,pressure backside 360 heel,https://www.youtube.com/watch?v=xyqJWofmzu4
640,pressure backside cancel heel,Regular,7,146.1,Heelflips,Heelflip,Pressure|Late|Cancel|Backside,pressure backside cancel heel,https://www.youtube.com/watch?v=xyqJWofmzu4
641,frontside anti bigspin heel,Regular,7,148.7,Heelflips,Big Heel,Anti|Frontside,frontside anti bigspin heel,https://www.youtube.com/watch?v=xyqJWofmzu4
642,fakie frontside anti bigspin heel,Fakie,7,156.5,Heelflips,Big Heel,Anti|Frontside,frontside anti bigspin heel,https://www.youtube.com/watch?v=xyqJWofmzu4
643,fakie impossible late flip body varial,Fakie,7,161.5,Impossible,None,Late|Body Varial,impossible late flip body varial,https://www.youtube.com/watch?v=xyqJWofmzu4
644,hardflip late heel,Regular,7,164.5,Kickflips,Hardflip,Late,hardflip late heel,https://www.youtube.com/watch?v=xyqJWofmzu4
645,forward flip body varial,Regular,7,172.2,Forward / Dolphin,Forward,Body Varial,forward flip body varial,https://www.youtube.com/watch?v=xyqJWofmzu4
646,forward double flip body varial,Regular,7,178.9,Forward / Dolphin,Forward,Body Varial|Double,forward double flip body varial,https://www.youtube.com/watch?v=xyqJWofmzu4
647,forward half flip cancel flip,Regular,7,189.1,Forward / Dolphin,Forward,Late|Cancel|Half,forward half flip cancel flip,https://www.youtube.com/watch?v=xyqJWofmzu4
648,forward flip crossfoot,Regular,7,199.1,Forward / Dolphin,Forward,Crossfoot,forward flip crossfoot,https://www.youtube.com/watch?v=xyqJWofmzu4
649,forward double flip crossfoot,Regular,7,205.7,Forward / Dolphin,Forward,Crossfoot|Double,forward double flip crossfoot,https://www.youtube.com/watch?v=xyqJWofmzu4
650,fakie pressure hardflip body varial,Fakie,7,208.3,Kickflips,Hardflip,Pressure|Body Varial,pressure hardflip body varial,https://www.youtube.com/watch?v=xyqJWofmzu4
651,fakie 360 casper flip,Fakie,7,210.8,Casper / Hospital,Casper,360,360 casper flip,https://www.youtube.com/watch?v=xyqJWofmzu4
652,late frontside bigspin,Regular,7,216.2,Shuv-its,Bigspin,Late|Frontside,late frontside bigspin,https://www.youtube.com/watch?v=xyqJWofmzu4
653,kickflip late frontside shuv,Regular,7,223.7,Kickflips,Kickflip,Late|Frontside,kickflip late frontside shuv,https://www.youtube.com/watch?v=xyqJWofmzu4
654,nollie frontside anti bigspin heel,Nollie,7,232,Heelflips,Big Heel,Anti|Frontside,frontside anti bigspin heel,https://www.youtube.com/watch?v=xyqJWofmzu4
655,nollie 540 front foot impossible,Nollie,7,239.4,Impossible,None,Front Foot|540,540 front foot impossible,https://www.youtube.com/watch?v=xyqJWofmzu4
656,nollie pressure frontside bigspin flip,Nollie,7,242.2,Kickflips,Bigflip,Pressure|Frontside,pressure frontside bigspin flip,https://www.youtube.com/watch?v=xyqJWofmzu4
657,nollie pressure flip body varial,Nollie,7,244.8,Kickflips,Kickflip,Pressure|Body Varial,pressure flip body varial,https://www.youtube.com/watch?v=xyqJWofmzu4
658,nollie pressure half flip cancel flip,Nollie,7,249.7,Kickflips,Kickflip,Pressure|Late|Cancel|Half,pressure half flip cancel flip,https://www.youtube.com/watch?v=xyqJWofmzu4
659,late flip frontside body varial,Regular,7,256.6,Kickflips,Kickflip,Late|Body Varial|Frontside,late flip frontside body varial,https://www.youtube.com/watch?v=xyqJWofmzu4
660,nollie backside bigspin late heel,Nollie,7,262.8,Shuv-its,Bigspin,Late|Backside,backside bigspin late heel,https://www.youtube.com/watch?v=xyqJWofmzu4
661,fakie 360 pressure flip body varial,Fakie,7,270.3,Kickflips,Kickflip,Pressure|Body Varial|360,360 pressure flip body varial,https://www.youtube.com/watch?v=xyqJWofmzu4
662,fakie pressure flip late flip,Fakie,7,273.2,Kickflips,Kickflip,Pressure|Late,pressure flip late flip,https://www.youtube.com/watch?v=xyqJWofmzu4
663,varial heelflip crossfoot,Regular,7,278.5,Heelflips,Varial Heel,Crossfoot,varial heelflip crossfoot,https://www.youtube.com/watch?v=xyqJWofmzu4
664,fakie pressure hardflip rewind,Fakie,7,280.8,Kickflips,Hardflip,Pressure|Rewind,pressure hardflip rewind,https://www.youtube.com/watch?v=xyqJWofmzu4
665,fakie pressure frontside bigflip,Fakie,7,286.2,Kickflips,Bigflip,Pressure|Frontside,pressure frontside bigflip,https://www.youtube.com/watch?v=xyqJWofmzu4
666,nollie cancel flip,Nollie,7,294.1,Kickflips,Kickflip,Late|Cancel,cancel flip,https://www.youtube.com/watch?v=xyqJWofmzu4
667,fakie pressure biggerspin flip,Fakie,7,300.8,Kickflips,Bigflip,Pressure,pressure biggerspin flip,https://www.youtube.com/watch?v=xyqJWofmzu4
668,fakie 540 pressure flip,Fakie,7,303.6,Kickflips,Kickflip,Pressure|540,540 pressure flip,https://www.youtube.com/watch?v=xyqJWofmzu4
669,frontside shuv late shuv,Regular,7,306.2,Shuv-its,Shuv-it,Late|Frontside,frontside shuv late shuv,https://www.youtube.com/watch?v=xyqJWofmzu4
670,fakie cancel heel frontside body varial,Fakie,7,310.5,Heelflips,Heelflip,Late|Cancel|Body Varial|Frontside,cancel heel frontside body varial,https://www.youtube.com/watch?v=xyqJWofmzu4
671,nollie front foot impossible late flip backside 180,Nollie,7,316,Impossible,None,Late|Front Foot|Backside|180,front foot impossible late flip backside 180,https://www.youtube.com/watch?v=xyqJWofmzu4
672,frontside biggerspin,Regular,7,323.7,Shuv-its,Biggerspin,Frontside,frontside biggerspin,https://www.youtube.com/watch?v=xyqJWofmzu4
673,backside 360 double kickflip,Regular,7,328.4,Kickflips,Kickflip,Double|Backside|360,backside 360 double kickflip,https://www.youtube.com/watch?v=xyqJWofmzu4
674,360 double flip rewind,Regular,7,336.9,Kickflips,360 Flip / Tre,Rewind|Double|360,360 double flip rewind,https://www.youtube.com/watch?v=xyqJWofmzu4
675,double cancel heel,Regular,7,341.5,Heelflips,Heelflip,Late|Cancel|Double,double cancel heel,https://www.youtube.com/watch?v=xyqJWofmzu4
676,nollie pressure backside bigflip,Nollie,7,346.8,Kickflips,Bigflip,Pressure|Backside,pressure backside bigflip,https://www.youtube.com/watch?v=xyqJWofmzu4
677,nollie varial heel body varial,Nollie,7,353.4,Heelflips,Varial Heel,Body Varial,varial heel body varial,https://www.youtube.com/watch?v=xyqJWofmzu4
678,switch varial heel body varial,Switch,7,355.8,Heelflips,Varial Heel,Body Varial,varial heel body varial,https://www.youtube.com/watch?v=xyqJWofmzu4
679,fakie 360 flip late flip,Fakie,7,358,Kickflips,360 Flip / Tre,Late|360,360 flip late flip,https://www.youtube.com/watch?v=xyqJWofmzu4
680,switch varial heelflip rewind,Switch,7,360.6,Heelflips,Varial Heel,Rewind,varial heelflip rewind,https://www.youtube.com/watch?v=xyqJWofmzu4
681,nollie double kickflip frontside body varial,Nollie,7,365.6,Kickflips,Kickflip,Body Varial|Double|Frontside,double kickflip frontside body varial,https://www.youtube.com/watch?v=xyqJWofmzu4
682,nollie frontside anti bigspin flip,Nollie,7,368.8,Kickflips,Bigflip,Anti|Frontside,frontside anti bigspin flip,https://www.youtube.com/watch?v=xyqJWofmzu4
683,frontside shuv late varial heel,Regular,7,374.4,Shuv-its,Shuv-it,Late|Frontside,frontside shuv late varial heel,https://www.youtube.com/watch?v=xyqJWofmzu4
684,fakie frontside shuv late varial heel,Fakie,7,378.7,Shuv-its,Shuv-it,Late|Frontside,frontside shuv late varial heel,https://www.youtube.com/watch?v=xyqJWofmzu4
685,fakie frontside bigspin late heel,Fakie,7,388.2,Shuv-its,Bigspin,Late|Frontside,frontside bigspin late heel,https://www.youtube.com/watch?v=xyqJWofmzu4
686,nollie 360 flip body varial,Nollie,7,394.1,Kickflips,360 Flip / Tre,Body Varial|360,360 flip body varial,https://www.youtube.com/watch?v=xyqJWofmzu4
687,switch late flip backside body varial,Switch,7,396.4,Kickflips,Kickflip,Late|Body Varial|Backside,late flip backside body varial,https://www.youtube.com/watch?v=xyqJWofmzu4
688,fakie varial double heel body varial,Fakie,7,401.4,Heelflips,Varial Heel,Body Varial|Double,varial double heel body varial,https://www.youtube.com/watch?v=xyqJWofmzu4
689,switch double flip backside body varial,Switch,7,406.1,Kickflips,Kickflip,Body Varial|Double|Backside,double flip backside body varial,https://www.youtube.com/watch?v=xyqJWofmzu4
690,fakie late heel frontside body varial,Fakie,7,410.9,Heelflips,Heelflip,Late|Body Varial|Frontside,late heel frontside body varial,https://www.youtube.com/watch?v=xyqJWofmzu4
691,late backside inward heel,Regular,7,413.2,Heelflips,Inward Heel,Late|Backside,late backside inward heel,https://www.youtube.com/watch?v=xyqJWofmzu4
692,backside 540 shuv rewind,Regular,7,419.3,Shuv-its,Shuv-it,Rewind|Backside|540,backside 540 shuv rewind,https://www.youtube.com/watch?v=xyqJWofmzu4
693,fakie backside shuv underflip,Fakie,7,427.6,Shuv-its,Shuv-it,Backside|Underflip,backside shuv underflip,https://www.youtube.com/watch?v=xyqJWofmzu4
694,fakie backside shuv underflip body varial,Fakie,7,431.8,Shuv-its,Shuv-it,Body Varial|Backside|Underflip,backside shuv underflip body varial,https://www.youtube.com/watch?v=xyqJWofmzu4
695,switch pressure hardflip rewind,Switch,7,434.5,Kickflips,Hardflip,Pressure|Rewind,pressure hardflip rewind,https://www.youtube.com/watch?v=xyqJWofmzu4
696,nollie pressure hardflip rewind,Nollie,7,439.7,Kickflips,Hardflip,Pressure|Rewind,pressure hardflip rewind,https://www.youtube.com/watch?v=xyqJWofmzu4
697,backfoot front impossible,Regular,7,442,Impossible,None,Backfoot,backfoot front impossible,https://www.youtube.com/watch?v=xyqJWofmzu4
698,switch frontside 360 shuv body varial,Switch,7,449.2,Shuv-its,Shuv-it,Body Varial|Frontside|360,frontside 360 shuv body varial,https://www.youtube.com/watch?v=xyqJWofmzu4
699,pressure flip late shuv,Regular,7,461.5,Kickflips,Kickflip,Pressure|Late,pressure flip late shuv,https://www.youtube.com/watch?v=xyqJWofmzu4
700,switch front foot impossible frontside 360,Switch,7,466.7,Impossible,None,Front Foot|Frontside|360,front foot impossible frontside 360,https://www.youtube.com/watch?v=xyqJWofmzu4
701,hard triple flip,Regular,8,1.6,Kickflips,Hardflip,Triple,hard triple flip,https://www.youtube.com/watch?v=OpqOkM6cqno
702,switch impossible late flip,Switch,8,8.8,Impossible,None,Late,impossible late flip,https://www.youtube.com/watch?v=OpqOkM6cqno
703,fakie inward double heel,Fakie,8,11.2,Heelflips,Inward Heel,Double,inward double heel,https://www.youtube.com/watch?v=OpqOkM6cqno
704,late heel backside body varial,Regular,8,13.7,Heelflips,Heelflip,Late|Body Varial|Backside,late heel backside body varial,https://www.youtube.com/watch?v=OpqOkM6cqno
705,feather flip hardflip,Regular,8,16.4,Feather,None,,feather flip hardflip,https://www.youtube.com/watch?v=OpqOkM6cqno
706,nollie hospital flip bigspin,Nollie,8,19.2,Casper / Hospital,Hospital,,hospital flip bigspin,https://www.youtube.com/watch?v=OpqOkM6cqno
707,fakie backside shuv late varial flip,Fakie,8,23.4,Shuv-its,Shuv-it,Late|Backside,backside shuv late varial flip,https://www.youtube.com/watch?v=OpqOkM6cqno
708,nollie frontside shuv late varial flip,Nollie,8,25.7,Shuv-its,Shuv-it,Late|Frontside,frontside shuv late varial flip,https://www.youtube.com/watch?v=OpqOkM6cqno
709,nollie front foot impossible late flip,Nollie,8,27.8,Impossible,None,Late|Front Foot,front foot impossible late flip,https://www.youtube.com/watch?v=OpqOkM6cqno
710,fakie late flip frontside body varial,Fakie,8,30.6,Kickflips,Kickflip,Late|Body Varial|Frontside,late flip frontside body varial,https://www.youtube.com/watch?v=OpqOkM6cqno
711,360 quadruple flip,Regular,8,33.2,Kickflips,360 Flip / Tre,Quadruple|360,360 quadruple flip,https://www.youtube.com/watch?v=OpqOkM6cqno
712,nollie late frontside shuv,Nollie,8,40.8,Shuv-its,Shuv-it,Late|Frontside,late frontside shuv,https://www.youtube.com/watch?v=OpqOkM6cqno
713,nollie late inward heel,Nollie,8,49,Heelflips,Inward Heel,Late,late inward heel,https://www.youtube.com/watch?v=OpqOkM6cqno
714,switch late inward heel,Switch,8,54.1,Heelflips,Inward Heel,Late,late inward heel,https://www.youtube.com/watch?v=OpqOkM6cqno
715,fakie late frontside 360 shuv,Fakie,8,56.9,Shuv-its,Shuv-it,Late|Frontside|360,late frontside 360 shuv,https://www.youtube.com/watch?v=OpqOkM6cqno
716,fakie frontside shuv late shuv,Fakie,8,61.5,Shuv-its,Shuv-it,Late|Frontside,frontside shuv late shuv,https://www.youtube.com/watch?v=OpqOkM6cqno
717,360 pressure flip rewind,Regular,8,65.8,Kickflips,Kickflip,Pressure|Rewind|360,360 pressure flip rewind,https://www.youtube.com/watch?v=OpqOkM6cqno
718,360 pressure half flip anti casper flip,Regular,8,68.4,Kickflips,Kickflip,Pressure|Anti|Half|360,360 pressure half flip anti casper flip,https://www.youtube.com/watch?v=OpqOkM6cqno
719,late frontside 540 shuv,Regular,8,78,Shuv-its,Shuv-it,Late|Frontside|540,late frontside 540 shuv,https://www.youtube.com/watch?v=OpqOkM6cqno
720,fakie backside anti bigspin flip,Fakie,8,87.6,Kickflips,Bigflip,Anti|Backside,backside anti bigspin flip,https://www.youtube.com/watch?v=OpqOkM6cqno
721,impossible late flip rewind,Regular,8,94.3,Impossible,None,Late|Rewind,impossible late flip rewind,https://www.youtube.com/watch?v=OpqOkM6cqno
722,nollie front foot impossible body varial,Nollie,8,97.2,Impossible,None,Body Varial|Front Foot,front foot impossible body varial,https://www.youtube.com/watch?v=OpqOkM6cqno
723,nollie backside biggerspin,Nollie,8,102.3,Shuv-its,Biggerspin,Backside,backside biggerspin,https://www.youtube.com/watch?v=OpqOkM6cqno
724,fakie pressure double flip,Fakie,8,107.2,Kickflips,Kickflip,Pressure|Double,pressure double flip,https://www.youtube.com/watch?v=OpqOkM6cqno
725,nollie lazer flip body varial,Nollie,8,110,Heelflips,Lazer,Body Varial,lazer flip body varial,https://www.youtube.com/watch?v=OpqOkM6cqno
726,fakie late backside bigspin heel,Fakie,8,115.2,Heelflips,Big Heel,Late|Backside,late backside bigspin heel,https://www.youtube.com/watch?v=OpqOkM6cqno
727,nollie pressure flip rewind,Nollie,8,119.9,Kickflips,Kickflip,Pressure|Rewind,pressure flip rewind,https://www.youtube.com/watch?v=OpqOkM6cqno
728,nollie backside double flip,Nollie,8,122.9,Kickflips,Kickflip,Double|Backside,backside double flip,https://www.youtube.com/watch?v=OpqOkM6cqno
729,switch inward heel body varial,Switch,8,129.4,Heelflips,Inward Heel,Body Varial,inward heel body varial,https://www.youtube.com/watch?v=OpqOkM6cqno
730,nollie frontside bigspin heel,Nollie,8,132.1,Heelflips,Big Heel,Frontside,frontside bigspin heel,https://www.youtube.com/watch?v=OpqOkM6cqno
731,late backside 360 shuv,Regular,8,137,Shuv-its,Shuv-it,Late|Backside|360,late backside 360 shuv,https://www.youtube.com/watch?v=OpqOkM6cqno
732,late backside bigspin,Regular,8,142.8,Shuv-its,Bigspin,Late|Backside,late backside bigspin,https://www.youtube.com/watch?v=OpqOkM6cqno
733,fakie bigspin under double flip,Fakie,8,149.1,Shuv-its,Bigspin,Double|Underflip,bigspin under double flip,https://www.youtube.com/watch?v=OpqOkM6cqno
734,half impossible body varial,Regular,8,151.6,Impossible,None,Body Varial|Half,half impossible body varial,https://www.youtube.com/watch?v=OpqOkM6cqno
735,half impossible late flip body varial,Regular,8,155.8,Impossible,None,Late|Body Varial|Half,half impossible late flip body varial,https://www.youtube.com/watch?v=OpqOkM6cqno
736,switch hospital flip bigspin,Switch,8,159.5,Casper / Hospital,Hospital,,hospital flip bigspin,https://www.youtube.com/watch?v=OpqOkM6cqno
737,hardflip body varial,Regular,8,163.8,Kickflips,Hardflip,Body Varial,hardflip body varial,https://www.youtube.com/watch?v=OpqOkM6cqno
738,switch varial double flip body varial,Switch,8,166.4,Kickflips,Varial Flip,Body Varial|Double,varial double flip body varial,https://www.youtube.com/watch?v=OpqOkM6cqno
739,360 flip late double flip,Regular,8,168.4,Kickflips,360 Flip / Tre,Late|Double|360,360 flip late double flip,https://www.youtube.com/watch?v=OpqOkM6cqno
740,540 double flip,Regular,8,173.5,Kickflips,360 Flip / Tre,Double|540,540 double flip,https://www.youtube.com/watch?v=OpqOkM6cqno
741,double kickback,Regular,8,182.1,Kickback,None,Double,double kickback,https://www.youtube.com/watch?v=OpqOkM6cqno
742,frontside double kickback,Regular,8,186.3,Kickback,None,Double|Frontside,frontside double kickback,https://www.youtube.com/watch?v=OpqOkM6cqno
743,triple heelflip backside body varial,Regular,8,188.8,Heelflips,Heelflip,Body Varial|Triple|Backside,triple heelflip backside body varial,https://www.youtube.com/watch?v=OpqOkM6cqno
744,fakie kickflip casper flip,Fakie,8,191.3,Kickflips,Kickflip,,kickflip casper flip,https://www.youtube.com/watch?v=OpqOkM6cqno
745,pressure double flip rewind,Regular,8,196,Kickflips,Kickflip,Pressure|Rewind|Double,pressure double flip rewind,https://www.youtube.com/watch?v=OpqOkM6cqno
746,pressure double flip body varial,Regular,8,201.3,Kickflips,Kickflip,Pressure|Body Varial|Double,pressure double flip body varial,https://www.youtube.com/watch?v=OpqOkM6cqno
747,nollie backside flip late flip,Nollie,8,207,Kickflips,Kickflip,Late|Backside,backside flip late flip,https://www.youtube.com/watch?v=OpqOkM6cqno
748,pressure flip late heel,Regular,8,213.5,Kickflips,Kickflip,Pressure|Late,pressure flip late heel,https://www.youtube.com/watch?v=OpqOkM6cqno
749,front foot impossible frontside 180,Regular,8,217.8,Impossible,None,Front Foot|Frontside|180,front foot impossible frontside 180,https://www.youtube.com/watch?v=OpqOkM6cqno
750,hardflip late flip,Regular,8,222.5,Kickflips,Hardflip,Late,hardflip late flip,https://www.youtube.com/watch?v=OpqOkM6cqno
751,nollie kickflip late frontside shuv,Nollie,8,226.7,Kickflips,Kickflip,Late|Frontside,kickflip late frontside shuv,https://www.youtube.com/watch?v=OpqOkM6cqno
752,nollie frontside double heelflip,Nollie,8,231.5,Heelflips,Heelflip,Double|Frontside,frontside double heelflip,https://www.youtube.com/watch?v=OpqOkM6cqno
753,nollie triple heelflip,Nollie,8,237.1,Heelflips,Heelflip,Triple,triple heelflip,https://www.youtube.com/watch?v=OpqOkM6cqno
754,fakie 360 triple flip,Fakie,8,239.8,Kickflips,360 Flip / Tre,Triple|360,360 triple flip,https://www.youtube.com/watch?v=OpqOkM6cqno
755,switch late backside flip,Switch,8,242.4,Kickflips,Kickflip,Late|Backside,late backside flip,https://www.youtube.com/watch?v=OpqOkM6cqno
756,switch late backside shuv,Switch,8,246.2,Shuv-its,Shuv-it,Late|Backside,late backside shuv,https://www.youtube.com/watch?v=OpqOkM6cqno
757,fakie pressure hard double flip,Fakie,8,249.7,Kickflips,Hardflip,Pressure|Double,pressure hard double flip,https://www.youtube.com/watch?v=OpqOkM6cqno
758,nollie pressure flip late flip,Nollie,8,254.2,Kickflips,Kickflip,Pressure|Late,pressure flip late flip,https://www.youtube.com/watch?v=OpqOkM6cqno
759,frontside cancel heel,Regular,8,258.1,Heelflips,Heelflip,Late|Cancel|Frontside,frontside cancel heel,https://www.youtube.com/watch?v=OpqOkM6cqno
760,fakie pressure half flip cancel flip,Fakie,8,260.2,Kickflips,Kickflip,Pressure|Late|Cancel|Half,pressure half flip cancel flip,https://www.youtube.com/watch?v=OpqOkM6cqno
761,switch backside anti bigspin,Switch,8,262,Shuv-its,Bigspin,Anti|Backside,backside anti bigspin,https://www.youtube.com/watch?v=OpqOkM6cqno
762,nollie double kickflip backside body varial,Nollie,8,264.6,Kickflips,Kickflip,Body Varial|Double|Backside,double kickflip backside body varial,https://www.youtube.com/watch?v=OpqOkM6cqno
763,pressure double kickflip backside body varial,Regular,8,266.7,Kickflips,Kickflip,Pressure|Body Varial|Double|Backside,pressure double kickflip backside body varial,https://www.youtube.com/watch?v=OpqOkM6cqno
764,heelflip anti casper flip,Regular,8,268.7,Heelflips,Heelflip,Anti,heelflip anti casper flip,https://www.youtube.com/watch?v=OpqOkM6cqno
765,backside bigspin late flip,Regular,8,271,Shuv-its,Bigspin,Late|Backside,backside bigspin late flip,https://www.youtube.com/watch?v=OpqOkM6cqno
766,switch backside 360 shuv body varial,Switch,8,274.5,Shuv-its,Shuv-it,Body Varial|Backside|360,backside 360 shuv body varial,https://www.youtube.com/watch?v=OpqOkM6cqno
767,varial flip anti casper flip,Regular,8,276.8,Kickflips,Varial Flip,Anti,varial flip anti casper flip,https://www.youtube.com/watch?v=OpqOkM6cqno
768,varial triple flip body varial,Regular,8,282.4,Kickflips,Varial Flip,Body Varial|Triple,varial triple flip body varial,https://www.youtube.com/watch?v=OpqOkM6cqno
769,switch backside anti bigspin heel,Switch,8,285.9,Heelflips,Big Heel,Anti|Backside,backside anti bigspin heel,https://www.youtube.com/watch?v=OpqOkM6cqno
770,switch backside cancel heel,Switch,8,289.8,Heelflips,Heelflip,Late|Cancel|Backside,backside cancel heel,https://www.youtube.com/watch?v=OpqOkM6cqno
771,fakie pressure 360 hardflip,Fakie,8,294,Kickflips,Hardflip,Pressure|360,pressure 360 hardflip,https://www.youtube.com/watch?v=OpqOkM6cqno
772,fakie pressure frontside biggerspin flip,Fakie,8,297.8,Kickflips,Bigflip,Pressure|Frontside,pressure frontside biggerspin flip,https://www.youtube.com/watch?v=OpqOkM6cqno
773,nollie frontside 360 heel,Nollie,8,300.4,Heelflips,Heelflip,Frontside|360,frontside 360 heel,https://www.youtube.com/watch?v=OpqOkM6cqno
774,pressure hard half flip cancel flip,Regular,8,305,Kickflips,Hardflip,Pressure|Late|Cancel|Half,pressure hard half flip cancel flip,https://www.youtube.com/watch?v=OpqOkM6cqno
775,fakie pressure hard half flip cancel flip,Fakie,8,307.1,Kickflips,Hardflip,Pressure|Late|Cancel|Half,pressure hard half flip cancel flip,https://www.youtube.com/watch?v=OpqOkM6cqno
776,half impossible rewind,Regular,8,311,Impossible,None,Rewind|Half,half impossible rewind,https://www.youtube.com/watch?v=OpqOkM6cqno
777,fakie pressure flip late shuv,Fakie,8,312.6,Kickflips,Kickflip,Pressure|Late,pressure flip late shuv,https://www.youtube.com/watch?v=OpqOkM6cqno
778,switch pressure backside bigspin flip,Switch,8,314.9,Kickflips,Bigflip,Pressure|Backside,pressure backside bigspin flip,https://www.youtube.com/watch?v=OpqOkM6cqno
779,fakie late backside bigspin,Fakie,8,317,Shuv-its,Bigspin,Late|Backside,late backside bigspin,https://www.youtube.com/watch?v=OpqOkM6cqno
780,fakie hospital heel,Fakie,8,322.6,Casper / Hospital,Hospital,,hospital heel,https://www.youtube.com/watch?v=OpqOkM6cqno
781,fakie half impossible,Fakie,8,324.5,Impossible,None,Half,half impossible,https://www.youtube.com/watch?v=OpqOkM6cqno
782,fakie 360 double flip body varial,Fakie,8,326.7,Kickflips,360 Flip / Tre,Body Varial|Double|360,360 double flip body varial,https://www.youtube.com/watch?v=OpqOkM6cqno
783,fakie 540 double flip,Fakie,8,328.8,Kickflips,360 Flip / Tre,Double|540,540 double flip,https://www.youtube.com/watch?v=OpqOkM6cqno
784,nollie varial double heel,Nollie,8,332.9,Heelflips,Varial Heel,Double,varial double heel,https://www.youtube.com/watch?v=OpqOkM6cqno
785,late frontside shuv body varial,Regular,8,335.4,Shuv-its,Shuv-it,Late|Body Varial|Frontside,late frontside shuv body varial,https://www.youtube.com/watch?v=OpqOkM6cqno
786,backside 360 half impossible,Regular,8,339,Impossible,None,Half|Backside|360,backside 360 half impossible,https://www.youtube.com/watch?v=OpqOkM6cqno
787,fakie late backside bigflip,Fakie,8,344,Kickflips,Bigflip,Late|Backside,late backside bigflip,https://www.youtube.com/watch?v=OpqOkM6cqno
788,frontside 360 kickflip,Regular,8,346.4,Kickflips,Kickflip,Frontside|360,frontside 360 kickflip,https://www.youtube.com/watch?v=OpqOkM6cqno
789,nollie backside 360 kickflip,Nollie,8,348.1,Kickflips,Kickflip,Backside|360,backside 360 kickflip,https://www.youtube.com/watch?v=OpqOkM6cqno
790,nollie hard double flip,Nollie,8,350,Kickflips,Hardflip,Double,hard double flip,https://www.youtube.com/watch?v=OpqOkM6cqno
791,fakie late frontside bigspin,Fakie,8,352.2,Shuv-its,Bigspin,Late|Frontside,late frontside bigspin,https://www.youtube.com/watch?v=OpqOkM6cqno
792,nollie frontside shuv under varial heel,Nollie,8,354.4,Shuv-its,Shuv-it,Frontside|Underflip,frontside shuv under varial heel,https://www.youtube.com/watch?v=OpqOkM6cqno
793,nollie frontside shuv late shuv,Nollie,8,360.8,Shuv-its,Shuv-it,Late|Frontside,frontside shuv late shuv,https://www.youtube.com/watch?v=OpqOkM6cqno
794,switch frontside bigspin late heel,Switch,8,363,Shuv-its,Bigspin,Late|Frontside,frontside bigspin late heel,https://www.youtube.com/watch?v=OpqOkM6cqno
795,under lazer flip,Regular,8,368.1,Heelflips,None,Underflip,under lazer flip,https://www.youtube.com/watch?v=OpqOkM6cqno
796,frontside 360 shuv rewind,Regular,8,371.9,Shuv-its,Shuv-it,Rewind|Frontside|360,frontside 360 shuv rewind,https://www.youtube.com/watch?v=OpqOkM6cqno
797,fakie backside heelflip late flip,Fakie,8,373.8,Heelflips,Heelflip,Late|Backside,backside heelflip late flip,https://www.youtube.com/watch?v=OpqOkM6cqno
798,backside heelflip late flip,Regular,8,378.5,Heelflips,Heelflip,Late|Backside,backside heelflip late flip,https://www.youtube.com/watch?v=OpqOkM6cqno
799,nollie pressure 360 hardflip,Nollie,8,384.1,Kickflips,Hardflip,Pressure|360,pressure 360 hardflip,https://www.youtube.com/watch?v=OpqOkM6cqno
800,fakie impossible late varial flip,Fakie,8,388,Impossible,None,Late,impossible late varial flip,https://www.youtube.com/watch?v=OpqOkM6cqno
